cloudlet_id,mote_id,arrival_time_iso,epoch,temperature_C,humidity_percent,light_lux,voltage_V,cloudlet_length_MI,file_size_bytes,output_size_bytes,cores_required,priority
0,23,2004-03-24T16:25:10,1080145510,24.43,72.66,254.42,2.821,1706,912,208,4,3
1,46,2004-03-31T00:58:27,1080694707,19.13,32.05,98.44,2.626,913,227,291,1,1
2,30,2004-03-24T19:11:24,1080155484,20.75,31.77,125.22,2.665,954,816,526,1,2
3,21,2004-03-26T06:32:10,1080282730,19.38,45.95,366.26,2.692,1260,819,529,2,2
4,10,2004-03-18T14:12:23,1079619143,17.97,40.37,243.2,2.691,1087,561,406,1,2
5,43,2004-02-29T06:37:48,1078036668,21.24,41.09,703.46,2.634,1393,485,432,2,1
6,13,2004-03-07T11:23:00,1078658580,18.4,48.4,108.75,2.621,1149,549,174,2,1
7,12,2004-04-05T01:03:34,1081127014,21.48,68.01,90.96,2.512,1495,508,243,4,1
8,9,2004-03-24T20:41:29,1080160889,27.8,61.35,4.87,2.825,1479,826,141,4,3
9,4,2004-04-03T20:17:22,1081023442,24.09,41.16,139.15,2.701,1169,975,309,2,2
10,39,2004-03-17T04:06:46,1079496406,20.33,53.67,57.44,2.671,1240,486,242,2,2
11,24,2004-03-22T04:27:54,1079929674,20.08,22.84,128.4,2.637,808,803,225,1,1
12,54,2004-03-12T03:34:34,1079062474,20.8,46.63,436.76,2.707,1334,314,501,2,2
13,34,2004-04-02T20:05:08,1080936308,28.21,42.16,549.17,2.687,1471,1057,225,4,2
14,39,2004-03-25T07:12:35,1080198755,18.73,56.56,152.07,2.838,1299,393,463,2,3
15,41,2004-03-13T08:25:11,1079166311,21.99,52.46,375.63,2.661,1415,1074,382,4,2
16,5,2004-03-02T05:16:07,1078204567,23.4,48.71,325.8,2.675,1361,281,334,2,2
17,15,2004-03-23T17:57:22,1080064642,25.65,50.52,610.98,2.761,1576,837,397,4,2
18,50,2004-03-02T19:29:25,1078255765,21.0,39.8,401.38,2.753,1218,863,439,2,2
19,4,2004-04-05T03:49:08,1081136948,19.11,56.61,819.92,2.604,1641,767,273,4,1
20,51,2004-03-08T02:40:01,1078713601,22.87,50.52,409.31,2.743,1420,640,281,4,2
21,52,2004-03-14T20:40:55,1079296855,25.94,43.05,285.34,2.797,1307,600,315,2,2
22,39,2004-03-19T10:48:11,1079693291,21.18,46.18,603.02,2.816,1418,999,239,4,3
23,8,2004-03-02T18:51:09,1078253469,19.48,55.13,476.04,2.602,1455,492,396,4,1
24,49,2004-03-20T03:06:13,1079751973,22.33,56.26,469.61,2.697,1525,1099,146,4,2
25,45,2004-03-08T03:55:43,1078718143,17.13,40.89,193.49,2.613,1053,359,411,1,1
26,24,2004-02-29T04:42:35,1078029755,21.34,34.28,528.16,2.769,1205,551,480,2,2
27,53,2004-03-13T14:45:52,1079189152,25.53,39.53,496.3,2.712,1352,287,432,2,2
28,28,2004-03-25T09:52:11,1080208331,24.62,40.15,219.78,2.796,1205,414,268,2,2
29,43,2004-03-15T03:47:05,1079322425,21.57,46.48,412.63,2.743,1335,947,502,2,2
30,27,2004-03-16T00:28:05,1079396885,26.98,59.37,287.84,2.627,1574,551,195,4,1
31,1,2004-03-10T10:50:36,1078915836,27.73,39.35,202.79,2.707,1246,869,271,2,2
32,34,2004-03-14T03:09:31,1079233771,23.99,49.66,174.85,2.64,1312,994,417,2,1
33,17,2004-03-28T21:36:24,1080509784,17.6,42.79,371.32,2.614,1179,358,542,2,1
34,37,2004-03-09T14:44:00,1078843440,16.36,45.23,179.39,2.659,1095,704,305,1,2
35,38,2004-03-16T22:12:42,1079475162,26.15,48.64,432.83,2.715,1469,716,395,4,2
36,26,2004-03-25T02:04:42,1080180282,22.73,59.42,47.19,2.623,1370,470,525,2,1
37,24,2004-03-21T05:11:26,1079845886,26.91,47.97,182.96,2.71,1349,1005,199,2,2
38,39,2004-03-06T13:53:31,1078581211,17.98,14.02,47.47,2.592,594,686,386,1,1
39,21,2004-03-05T02:23:55,1078453435,21.52,42.61,71.31,2.548,1105,580,167,1,1
40,30,2004-03-06T12:02:23,1078574543,25.09,63.83,351.04,2.843,1635,653,547,4,3
41,47,2004-03-16T08:55:42,1079427342,19.81,58.7,398.14,2.667,1476,785,256,4,2
42,51,2004-02-28T18:15:25,1077992125,25.04,54.49,205.78,2.684,1421,948,355,4,2
43,48,2004-04-05T21:55:09,1081202109,21.63,59.15,45.15,2.671,1342,876,298,2,2
44,13,2004-02-28T23:30:54,1078011054,22.08,54.89,559.21,2.741,1545,285,562,4,2
45,37,2004-03-10T00:47:57,1078879677,18.45,58.92,456.99,2.713,1481,679,163,4,2
46,3,2004-03-21T14:52:34,1079880754,22.75,31.59,179.96,2.771,1019,908,532,1,2
47,32,2004-03-30T02:54:35,1080615275,28.58,44.28,574.91,2.722,1523,742,497,4,2
48,35,2004-03-26T23:09:42,1080342582,23.16,46.77,674.97,2.698,1502,643,247,4,2
49,19,2004-03-29T16:56:31,1080579391,19.62,45.65,82.19,2.781,1118,851,524,2,2
50,14,2004-03-26T10:31:30,1080297090,26.19,38.08,134.57,2.67,1162,982,347,2,2
51,48,2004-03-27T02:33:08,1080354788,19.72,46.76,469.63,2.696,1330,634,262,2,2
52,22,2004-03-05T02:42:58,1078454578,27.16,24.6,12.6,2.68,919,668,130,1,2
53,17,2004-03-29T19:44:06,1080589446,18.18,50.44,83.79,2.809,1162,714,236,2,3
54,4,2004-03-28T22:30:44,1080513044,22.82,36.91,289.37,2.727,1155,242,405,2,2
55,45,2004-03-14T02:36:56,1079231816,26.58,18.89,51.52,2.705,841,565,168,1,2
56,40,2004-03-28T18:00:06,1080496806,19.4,45.2,421.87,2.526,1277,909,265,2,1
57,19,2004-03-27T07:36:49,1080373009,22.25,63.58,279.09,2.729,1538,716,457,4,2
58,37,2004-03-30T23:32:19,1080689539,25.47,22.19,28.03,2.756,856,718,504,1,2
59,2,2004-03-31T08:31:53,1080721913,15.23,42.08,571.8,2.773,1222,593,329,2,2
60,15,2004-03-15T23:08:09,1079392089,24.78,25.53,204.15,2.684,981,645,188,1,2
61,2,2004-02-28T18:55:48,1077994548,21.74,48.08,350.14,2.752,1331,615,443,2,2
62,11,2004-03-20T03:07:45,1079752065,26.33,55.45,130.36,2.736,1423,666,272,4,2
63,45,2004-03-30T18:41:23,1080672083,19.52,35.29,228.64,2.538,1034,625,376,1,1
64,23,2004-04-02T18:22:38,1080930158,17.84,39.92,290.21,2.79,1101,694,407,1,2
65,10,2004-03-31T03:06:35,1080702395,20.37,43.22,559.13,2.687,1335,306,497,2,2
66,3,2004-03-29T21:39:55,1080596395,20.31,59.87,412.81,2.719,1511,403,445,4,2
67,5,2004-03-01T23:15:08,1078182908,21.38,28.22,528.08,2.65,1115,1102,192,2,2
68,3,2004-03-08T07:13:11,1078729991,20.59,39.55,105.31,2.756,1058,931,335,1,2
69,38,2004-03-09T09:09:02,1078823342,15.98,63.85,113.45,2.729,1334,638,556,2,2
70,13,2004-03-24T12:08:02,1080130082,21.72,36.27,83.89,2.567,1020,349,380,1,1
71,42,2004-03-05T23:52:45,1078530765,22.7,40.27,192.12,2.645,1154,731,551,2,1
72,19,2004-03-20T15:42:08,1079797328,21.42,47.16,471.08,2.813,1371,898,367,2,3
73,40,2004-03-28T14:24:49,1080483889,22.86,72.93,387.47,2.764,1745,608,362,4,2
74,50,2004-03-19T12:36:55,1079699815,22.25,31.59,24.82,2.674,931,542,296,1,2
75,35,2004-03-22T18:59:15,1079981955,17.85,54.06,35.39,2.675,1186,933,204,2,2
76,24,2004-03-08T07:51:29,1078732289,21.1,30.75,136.32,2.629,951,580,202,1,1
77,24,2004-03-16T10:59:09,1079434749,22.34,32.91,143.16,2.633,1012,431,287,1,1
78,17,2004-03-25T16:23:33,1080231813,21.29,38.84,21.16,2.716,1019,587,358,1,2
79,40,2004-03-14T18:48:35,1079290115,17.52,50.58,759.57,2.831,1489,547,225,4,3
80,10,2004-03-13T03:00:05,1079146805,25.67,38.4,121.52,2.675,1150,548,459,2,2
81,2,2004-03-02T03:30:36,1078198236,19.08,46.59,65.04,2.702,1113,246,309,1,2
82,44,2004-03-23T06:05:05,1080021905,18.27,36.39,270.65,2.642,1047,624,110,1,1
83,23,2004-04-03T17:31:05,1081013465,22.12,45.98,222.7,2.692,1243,301,112,2,2
84,6,2004-03-25T14:43:55,1080225835,21.05,29.43,777.48,2.727,1251,631,124,2,2
85,2,2004-03-01T06:39:29,1078123169,23.8,29.73,118.03,2.852,981,634,327,1,3
86,21,2004-03-29T18:28:25,1080584905,24.62,38.84,346.09,2.794,1248,302,132,2,2
87,35,2004-03-13T17:15:41,1079198141,24.16,52.33,159.98,2.794,1348,679,447,2,2
88,49,2004-03-11T02:46:37,1078973197,21.99,47.33,15.6,2.664,1158,541,527,2,2
89,29,2004-04-03T06:27:42,1080973662,23.66,35.71,13.63,2.627,1016,961,432,1,1
90,7,2004-03-17T08:06:38,1079510798,17.32,31.42,244.73,2.7,940,251,343,1,2
91,29,2004-03-28T22:03:51,1080511431,25.28,57.41,214.22,2.651,1474,791,284,4,2
92,53,2004-03-05T12:51:25,1078491085,20.79,61.36,275.51,2.665,1474,748,315,4,2
93,37,2004-04-01T07:46:30,1080805590,27.91,51.09,238.21,2.722,1444,812,430,4,2
94,23,2004-03-15T05:28:27,1079328507,25.37,49.27,283.34,2.751,1388,414,187,2,2
95,33,2004-03-14T04:22:16,1079238136,21.41,19.35,89.66,2.796,763,507,191,1,2
96,8,2004-03-10T15:48:13,1078933693,22.06,52.12,81.61,2.741,1264,404,131,2,2
97,12,2004-03-05T17:04:39,1078506279,25.55,64.06,150.08,2.712,1547,311,350,4,2
98,46,2004-02-28T06:27:27,1077949647,15.22,57.87,412.22,2.635,1379,388,304,2,1
99,48,2004-03-11T10:01:16,1078999276,21.52,57.22,487.4,2.797,1532,633,514,4,2
100,10,2004-03-30T07:10:38,1080630638,27.1,25.14,653.05,2.762,1246,813,243,2,2
101,15,2004-03-29T10:45:08,1080557108,24.53,36.55,543.3,2.666,1311,1040,562,2,2
102,53,2004-03-14T07:28:25,1079249305,19.49,43.26,287.59,2.768,1182,1056,352,2,2
103,24,2004-03-19T11:00:40,1079694040,22.94,36.46,21.89,2.709,1017,956,162,1,2
104,26,2004-03-31T20:41:31,1080765691,19.07,31.08,850.37,2.791,1273,447,178,2,2
105,47,2004-03-28T06:37:47,1080455867,20.98,50.03,521.52,2.681,1431,362,179,4,2
106,42,2004-04-02T23:47:07,1080949627,23.0,56.96,46.56,2.684,1338,404,439,2,2
107,53,2004-03-29T06:02:20,1080540140,23.53,28.24,652.88,2.573,1221,531,517,2,1
108,39,2004-03-13T20:59:20,1079211560,24.19,57.46,249.58,2.663,1470,509,329,4,2
109,3,2004-03-17T15:28:28,1079537308,25.7,47.68,596.06,2.833,1527,512,544,4,3
110,2,2004-03-20T19:57:02,1079812622,18.42,64.48,678.21,2.914,1675,1006,186,4,3
111,6,2004-03-10T07:52:12,1078905132,22.07,54.54,1.39,2.736,1260,706,306,2,2
112,21,2004-03-15T11:57:52,1079351872,19.45,46.56,159.61,2.661,1167,846,456,2,2
113,9,2004-02-28T13:36:24,1077975384,20.8,46.65,274.31,2.678,1253,916,453,2,2
114,10,2004-03-26T18:41:10,1080326470,19.74,45.03,227.78,2.696,1184,550,299,2,2
115,36,2004-03-26T08:04:24,1080288264,23.5,66.82,108.49,2.674,1527,923,532,4,2
116,3,2004-04-05T19:11:19,1081192279,25.16,52.34,233.64,2.763,1405,724,554,2,2
117,41,2004-03-16T09:53:04,1079430784,25.32,40.58,112.23,2.59,1171,317,131,2,1
118,24,2004-03-22T12:54:03,1079960043,18.68,51.83,117.07,2.703,1210,1015,129,2,2
119,22,2004-03-24T19:41:59,1080157319,21.63,50.59,272.31,2.847,1328,921,401,2,3
120,49,2004-03-30T18:43:35,1080672215,18.6,39.93,130.14,2.784,1036,1091,439,1,2
121,14,2004-03-19T06:42:06,1079678526,18.5,35.16,842.91,2.864,1319,853,486,2,3
122,42,2004-02-29T13:52:10,1078062730,20.01,59.18,336.73,2.69,1456,449,219,4,2
123,45,2004-03-28T20:05:06,1080504306,23.03,41.85,105.12,2.649,1141,909,374,2,1
124,44,2004-03-19T02:31:35,1079663495,23.56,41.18,361.46,2.725,1270,673,402,2,2
125,27,2004-03-23T10:25:38,1080037538,23.96,51.98,622.6,2.639,1570,414,388,4,1
126,33,2004-03-05T18:49:06,1078512546,23.78,38.79,15.73,2.659,1065,763,225,1,2
127,22,2004-04-05T21:44:00,1081201440,19.46,47.74,705.85,2.683,1458,698,296,4,2
128,29,2004-03-23T10:03:38,1080036218,25.55,40.44,120.52,2.798,1178,539,114,2,2
129,19,2004-03-24T19:56:25,1080158185,24.41,14.05,82.97,2.775,740,736,165,1,2
130,19,2004-03-02T08:16:38,1078215398,20.76,49.64,56.88,2.741,1188,951,166,2,2
131,6,2004-04-02T02:54:49,1080874489,20.88,48.14,565.27,2.708,1422,556,173,4,2
132,45,2004-03-30T13:12:08,1080652328,20.03,49.25,131.89,2.841,1205,976,326,2,3
133,19,2004-03-20T08:03:20,1079769800,18.12,20.09,519.06,2.735,923,658,433,1,2
134,13,2004-03-11T11:45:11,1079005511,24.0,28.79,144.66,2.627,984,512,314,1,1
135,26,2004-03-10T12:41:47,1078922507,24.47,58.95,241.5,2.714,1494,298,211,4,2
136,22,2004-04-01T23:30:40,1080862240,19.22,45.89,555.65,2.625,1351,1002,467,2,1
137,21,2004-03-03T01:34:39,1078277679,18.3,22.28,344.54,2.659,873,1034,451,1,2
138,36,2004-04-02T20:24:22,1080937462,19.19,46.02,583.18,2.811,1366,431,255,2,3
139,2,2004-03-20T15:30:30,1079796630,22.33,26.16,513.11,2.725,1096,972,363,1,2
140,47,2004-03-04T15:59:30,1078415970,17.85,38.12,985.85,2.709,1422,933,182,4,2
141,44,2004-03-22T17:38:51,1079977131,25.38,48.04,545.97,2.721,1501,752,178,4,2
142,30,2004-03-14T07:08:05,1079248085,25.2,48.06,236.88,2.694,1343,1065,334,2,2
143,27,2004-03-23T13:21:30,1080048090,23.27,57.08,218.38,2.531,1431,890,189,4,1
144,7,2004-04-02T15:00:50,1080918050,24.43,50.58,720.72,2.759,1608,692,223,4,2
145,20,2004-03-25T14:33:36,1080225216,22.18,51.34,296.44,2.754,1362,674,184,2,2
146,50,2004-03-04T16:27:14,1078417634,23.4,40.42,358.37,2.715,1253,1082,487,2,2
147,31,2004-03-21T13:11:00,1079874660,18.1,34.8,566.02,2.645,1167,352,555,2,1
148,23,2004-02-29T14:39:42,1078065582,26.17,45.59,109.4,2.843,1262,474,487,2,3
149,13,2004-03-16T14:31:41,1079447501,20.54,57.24,53.88,2.662,1296,496,313,2,2
150,17,2004-03-12T23:15:14,1079133314,21.61,54.91,386.45,2.637,1449,335,556,4,1
151,4,2004-03-01T03:07:44,1078110464,29.46,42.59,68.58,2.708,1262,934,516,2,2
152,14,2004-03-01T11:27:00,1078140420,21.34,44.28,671.1,2.757,1427,1122,408,4,2
153,20,2004-04-04T07:18:49,1081063129,24.22,34.17,518.37,2.74,1256,461,512,2,2
154,13,2004-03-30T11:37:26,1080646646,23.54,58.81,66.14,2.746,1386,611,156,2,2
155,3,2004-03-21T20:03:10,1079899390,18.0,64.38,308.43,2.795,1480,522,505,4,2
156,26,2004-03-09T09:17:01,1078823821,19.0,50.27,29.18,2.724,1149,812,209,2,2
157,26,2004-03-30T09:27:02,1080638822,28.11,25.37,659.72,2.808,1273,746,328,2,3
158,18,2004-03-18T14:41:30,1079620890,23.74,53.08,302.04,2.74,1422,855,433,4,2
159,32,2004-03-12T12:22:32,1079094152,21.95,64.85,36.7,2.694,1430,260,273,4,2
160,14,2004-04-02T21:27:42,1080941262,20.39,31.58,312.92,2.665,1038,740,342,1,2
161,47,2004-03-25T19:22:01,1080242521,22.96,55.15,187.32,2.811,1380,280,428,2,3
162,3,2004-02-29T10:00:09,1078048809,23.25,42.74,395.46,2.753,1304,639,282,2,2
163,1,2004-03-22T08:11:56,1079943116,22.68,59.93,636.9,2.674,1671,755,463,4,2
164,26,2004-03-26T04:59:30,1080277170,25.21,31.11,194.99,2.666,1068,219,320,1,2
165,24,2004-03-07T21:46:38,1078695998,19.4,39.8,237.58,2.618,1104,1102,229,1,1
166,49,2004-03-11T17:09:51,1079024991,19.0,26.18,99.4,2.836,822,316,483,1,3
167,35,2004-04-01T05:13:10,1080796390,25.13,49.07,11.43,2.739,1244,568,499,2,2
168,14,2004-04-05T19:43:44,1081194224,28.34,51.64,554.72,2.818,1619,1030,281,4,3
169,3,2004-04-05T16:33:35,1081182815,24.53,49.13,203.8,2.869,1329,919,383,2,3
170,13,2004-03-09T02:52:51,1078800771,25.89,38.81,907.88,2.85,1554,452,357,4,3
171,47,2004-03-15T21:32:13,1079386333,21.78,39.73,411.02,2.668,1237,935,407,2,2
172,50,2004-03-31T18:54:28,1080759268,22.8,41.07,104.22,2.933,1124,395,466,2,3
173,14,2004-03-12T08:40:54,1079080854,22.76,55.62,928.99,2.762,1754,636,249,4,2
174,21,2004-03-10T06:25:48,1078899948,21.83,27.57,192.67,2.608,947,982,460,1,1
175,26,2004-04-01T05:20:42,1080796842,26.23,40.91,120.72,2.721,1199,933,499,2,2
176,3,2004-03-13T01:04:35,1079139875,25.35,27.33,288.03,2.709,1061,1087,534,1,2
177,51,2004-03-22T09:38:20,1079948300,20.8,40.09,330.06,2.735,1182,224,387,2,2
178,40,2004-03-10T13:33:58,1078925638,17.06,44.83,50.29,2.725,1039,426,180,1,2
179,4,2004-04-02T05:57:14,1080885434,21.81,70.21,239.17,2.751,1609,747,517,4,2
180,36,2004-03-21T07:40:34,1079854834,18.54,36.99,636.08,2.645,1244,647,481,2,1
181,51,2004-03-03T09:33:09,1078306389,22.07,57.32,640.32,2.726,1621,1031,446,4,2
182,43,2004-03-28T01:57:47,1080439067,18.77,24.48,783.01,2.667,1134,353,171,2,2
183,1,2004-02-28T12:06:25,1077969985,25.77,45.48,24.66,2.717,1210,608,334,2,2
184,40,2004-03-15T10:25:45,1079346345,24.05,45.45,324.09,2.687,1325,607,297,2,2
185,47,2004-03-24T00:19:56,1080087596,23.98,53.94,372.16,2.668,1475,826,423,4,2
186,33,2004-04-03T09:13:33,1080983613,25.22,38.45,312.02,2.761,1237,504,166,2,2
187,7,2004-03-28T09:24:08,1080465848,23.17,35.58,142.78,2.741,1069,292,486,1,2
188,53,2004-02-29T06:25:56,1078035956,23.64,20.04,401.55,2.735,974,984,240,1,2
189,52,2004-03-17T05:39:17,1079501957,26.3,48.97,189.98,2.665,1356,584,496,2,2
190,52,2004-03-22T20:31:23,1079987483,21.6,37.3,29.14,2.747,1006,384,529,1,2
191,11,2004-04-01T03:45:47,1080791147,23.82,57.31,346.75,2.698,1509,953,271,4,2
192,27,2004-03-01T07:37:15,1078126635,18.84,51.14,597.75,2.668,1443,1031,180,4,2
193,14,2004-03-23T13:44:51,1080049491,22.24,59.23,292.28,2.781,1479,454,470,4,2
194,22,2004-03-22T06:03:41,1079935421,28.78,34.52,415.14,2.766,1301,600,397,2,2
195,16,2004-03-12T21:44:42,1079127882,24.44,47.45,592.15,2.46,1497,764,562,4,1
196,46,2004-03-05T06:38:55,1078468735,21.74,47.28,152.93,2.529,1220,422,293,2,1
197,12,2004-02-28T21:02:46,1078002166,22.79,39.05,123.65,2.826,1103,1048,318,1,3
198,49,2004-03-28T00:07:55,1080432475,21.94,59.76,306.14,2.6,1488,934,352,4,1
199,46,2004-03-29T20:28:22,1080592102,22.7,54.38,310.18,2.595,1425,517,562,4,1
200,10,2004-03-27T18:06:53,1080410813,20.8,69.37,32.85,2.689,1473,799,173,4,2
201,24,2004-04-01T15:36:00,1080833760,23.48,53.34,448.77,2.721,1494,865,536,4,2
202,46,2004-03-31T04:56:32,1080708992,23.59,67.43,221.58,2.661,1594,354,440,4,2
203,18,2004-03-18T16:34:00,1079627640,22.02,67.15,236.83,2.456,1566,320,549,4,1
204,22,2004-03-10T09:25:46,1078910746,22.42,39.1,76.88,2.712,1073,535,293,1,2
205,9,2004-03-16T09:32:45,1079429565,23.02,27.37,133.47,2.844,938,488,450,1,3
206,17,2004-03-24T20:50:00,1080161400,20.42,65.24,234.22,2.59,1504,972,442,4,1
207,38,2004-03-30T09:57:07,1080640627,23.46,53.33,58.92,2.832,1298,396,558,2,3
208,40,2004-02-29T11:32:28,1078054348,24.34,51.26,333.14,2.678,1422,469,171,4,2
209,13,2004-03-17T20:11:20,1079554280,26.39,39.62,9.33,2.843,1127,821,447,2,3
210,50,2004-03-03T15:51:30,1078329090,22.96,49.77,417.53,2.75,1414,1062,542,4,2
211,37,2004-03-04T18:37:26,1078425446,20.33,57.2,238.77,2.656,1384,719,374,2,2
212,6,2004-03-28T11:53:41,1080474821,21.69,52.9,496.56,2.75,1476,653,359,4,2
213,21,2004-02-28T06:05:59,1077948359,18.57,37.63,454.01,2.805,1163,664,336,2,3
214,51,2004-03-19T19:39:52,1079725192,24.18,63.51,300.98,2.583,1587,677,337,4,1
215,36,2004-03-21T14:48:29,1079880509,15.82,46.5,19.4,2.709,1024,257,187,1,2
216,7,2004-03-20T06:45:56,1079765156,25.07,53.15,424.89,2.783,1511,977,208,4,2
217,36,2004-03-01T15:29:36,1078154976,25.44,55.09,367.57,2.673,1519,1082,434,4,2
218,25,2004-04-04T00:39:14,1081039154,13.21,70.58,365.96,2.595,1506,598,160,4,1
219,11,2004-04-02T20:27:23,1080937643,25.83,49.97,516.9,2.864,1525,466,528,4,3
220,44,2004-03-25T04:36:30,1080189390,25.08,44.37,599.84,2.556,1467,932,401,4,1
221,14,2004-03-15T00:30:50,1079310650,21.13,67.96,305.11,2.675,1595,601,203,4,2
222,45,2004-02-28T16:58:07,1077987487,18.42,58.3,91.64,2.694,1289,397,174,2,2
223,29,2004-03-10T17:29:03,1078939743,19.49,48.67,411.88,2.868,1326,578,116,2,3
224,10,2004-03-23T02:24:23,1080008663,19.72,47.92,452.08,2.522,1339,847,246,2,1
225,50,2004-03-24T15:26:43,1080142003,25.95,21.48,739.59,2.699,1211,951,285,2,2
226,48,2004-03-16T07:36:16,1079422576,20.65,43.95,663.53,2.649,1404,902,202,2,1
227,5,2004-03-20T19:53:33,1079812413,24.72,28.17,560.35,2.648,1197,1073,179,2,1
228,8,2004-03-04T02:09:52,1078366192,21.63,12.96,74.41,2.825,664,762,257,1,3
229,46,2004-02-28T10:55:53,1077965753,22.17,37.85,472.56,2.622,1247,550,468,2,1
230,5,2004-03-25T12:10:27,1080216627,17.29,28.42,812.49,2.599,1178,557,380,2,1
231,24,2004-02-28T18:08:38,1077991718,18.56,40.74,668.3,2.606,1316,659,350,2,1
232,40,2004-03-07T20:35:13,1078691713,25.88,48.7,331.45,2.713,1414,615,385,4,2
233,26,2004-03-16T17:21:06,1079457666,21.53,51.11,652.86,2.698,1524,975,571,4,2
234,6,2004-03-03T19:48:00,1078343280,22.9,43.69,286.04,2.679,1256,600,403,2,2
235,16,2004-03-30T02:50:12,1080615012,27.42,29.53,289.52,2.657,1136,244,527,2,2
236,36,2004-03-31T20:22:08,1080764528,21.62,43.55,152.5,2.814,1162,894,336,2,3
237,12,2004-04-01T07:33:11,1080804791,21.45,32.21,195.92,2.542,1010,638,396,1,1
238,11,2004-04-05T11:43:12,1081165392,25.62,61.84,506.64,2.797,1693,824,432,4,2
239,3,2004-03-07T22:05:46,1078697146,22.04,43.23,190.59,2.588,1184,281,307,2,1
240,44,2004-03-08T09:52:48,1078739568,22.96,31.33,264.31,2.786,1061,915,303,1,2
241,37,2004-03-01T14:34:41,1078151681,24.99,32.39,374.24,2.765,1173,973,553,2,2
242,6,2004-04-04T02:01:37,1081044097,22.0,45.08,47.64,2.75,1140,807,327,2,2
243,19,2004-04-02T16:09:25,1080922165,24.36,45.7,485.58,2.693,1416,630,560,4,2
244,18,2004-03-15T05:06:44,1079327204,21.65,42.68,177.07,2.666,1162,991,257,2,2
245,16,2004-03-16T03:13:35,1079406815,24.94,56.93,189.11,2.715,1447,1129,286,4,2
246,23,2004-03-02T02:52:16,1078195936,23.26,33.46,731.7,2.79,1333,810,236,2,2
247,43,2004-03-26T22:49:36,1080341376,21.32,57.04,267.56,2.675,1416,536,405,4,2
248,37,2004-03-14T02:46:42,1079232402,22.22,43.87,57.87,2.659,1131,1090,394,2,2
249,9,2004-03-01T01:23:09,1078104189,14.67,55.35,114.58,2.697,1181,853,219,2,2
250,3,2004-03-17T01:48:49,1079488129,25.58,37.49,9.34,2.679,1079,376,471,1,2
251,8,2004-03-31T20:46:44,1080766004,18.24,54.34,9.8,2.687,1185,1105,130,2,2
252,38,2004-03-08T16:34:51,1078763691,18.79,35.32,154.4,2.832,983,402,268,1,3
253,4,2004-03-24T17:26:49,1080149209,20.69,64.77,368.58,2.638,1570,1126,271,4,1
254,12,2004-03-13T20:35:43,1079210143,16.62,44.04,670.71,2.801,1328,687,555,2,3
255,44,2004-03-06T21:21:09,1078608069,23.4,39.83,269.02,2.774,1200,821,176,2,2
256,31,2004-03-11T22:50:43,1079045443,23.08,30.92,84.19,2.585,967,385,527,1,1
257,25,2004-03-24T13:01:43,1080133303,20.54,47.02,125.73,2.643,1179,674,380,2,1
258,53,2004-03-15T13:07:06,1079356026,19.97,43.22,506.53,2.696,1301,686,362,2,2
259,16,2004-04-01T16:02:06,1080835326,19.92,28.96,349.65,2.695,1008,846,174,1,2
260,42,2004-03-19T03:38:13,1079667493,23.84,36.16,155.89,2.657,1097,209,376,1,2
261,54,2004-03-28T14:37:11,1080484631,17.22,21.55,10.52,2.781,673,263,307,1,2
262,14,2004-03-27T12:53:24,1080392004,20.77,31.44,225.28,2.716,1000,242,470,1,2
263,13,2004-03-22T08:36:03,1079944563,17.41,43.52,152.31,2.706,1077,1087,210,1,2
264,41,2004-02-29T05:28:01,1078032481,24.31,49.24,39.37,2.804,1244,236,461,2,3
265,7,2004-04-03T15:39:49,1081006789,20.99,41.11,147.96,2.642,1111,349,319,1,1
266,12,2004-03-18T05:38:29,1079588309,23.64,50.66,289.4,2.654,1377,731,347,2,2
267,37,2004-03-29T17:48:58,1080582538,25.75,33.5,320.57,2.669,1178,456,497,2,2
268,50,2004-02-29T06:34:38,1078036478,25.8,50.33,217.63,2.588,1380,714,551,2,1
269,4,2004-03-21T04:07:11,1079842031,18.93,44.07,481.62,2.698,1281,723,386,2,2
270,2,2004-03-23T12:50:23,1080046223,22.93,42.53,340.28,2.75,1267,476,176,2,2
271,35,2004-03-15T23:29:36,1079393376,25.36,44.96,100.58,2.599,1232,333,187,2,1
272,44,2004-03-15T06:01:44,1079330504,24.09,37.81,103.51,2.616,1101,1012,210,1,1
273,3,2004-03-22T05:49:47,1079934587,24.39,26.59,163.2,2.703,968,745,372,1,2
274,4,2004-03-18T04:51:06,1079585466,16.65,32.46,157.92,2.727,899,405,540,1,2
275,38,2004-03-23T20:53:35,1080075215,24.04,28.06,32.45,2.68,918,813,368,1,2
276,12,2004-04-04T14:10:36,1081087836,19.62,42.27,40.46,2.669,1047,307,518,1,2
277,19,2004-03-02T14:39:15,1078238355,23.99,53.19,475.64,2.808,1516,935,382,4,3
278,10,2004-04-05T23:00:11,1081206011,23.93,62.8,91.42,2.653,1466,808,185,4,2
279,1,2004-03-24T13:48:19,1080136099,23.77,39.47,116.88,2.821,1126,738,213,2,3
280,17,2004-03-09T12:58:01,1078837081,21.67,43.07,580.14,2.655,1369,1062,206,2,2
281,16,2004-03-17T14:33:38,1079534018,25.95,67.59,183.24,2.741,1624,839,409,4,2
282,9,2004-02-29T15:34:43,1078068883,23.53,40.17,922.09,2.653,1534,1147,328,4,2
283,53,2004-03-30T21:23:43,1080681823,22.96,37.48,689.61,2.666,1366,633,506,2,2
284,9,2004-03-22T12:49:10,1079959750,19.2,43.44,446.69,2.649,1259,238,511,2,1
285,9,2004-03-25T18:13:07,1080238387,23.19,39.91,122.24,2.758,1123,961,116,2,2
286,12,2004-03-03T15:38:16,1078328296,27.94,36.86,223.3,2.83,1223,1108,306,2,3
287,41,2004-03-24T06:07:28,1080108448,17.83,28.11,109.55,2.708,833,562,503,1,2
288,15,2004-03-04T12:31:35,1078403495,24.19,64.11,415.46,2.616,1653,416,524,4,1
289,2,2004-02-28T19:48:15,1077997695,24.57,51.61,398.05,2.75,1465,535,248,4,2
290,11,2004-03-07T14:39:34,1078670374,27.18,64.4,249.49,2.818,1634,370,532,4,3
291,11,2004-03-09T06:25:21,1078813521,24.18,56.46,552.96,2.77,1607,931,403,4,2
292,8,2004-03-11T05:32:11,1078983131,22.03,45.19,780.78,2.589,1509,597,181,4,1
293,32,2004-03-08T13:23:36,1078752216,23.27,24.96,207.3,2.651,943,239,518,1,2
294,6,2004-03-03T08:05:05,1078301105,21.2,34.09,87.69,2.635,979,657,124,1,1
295,53,2004-03-20T11:48:46,1079783326,25.66,40.82,104.19,2.705,1177,232,305,2,2
296,20,2004-03-18T04:47:25,1079585245,17.35,33.43,576.12,2.746,1137,809,205,2,2
297,39,2004-03-22T10:59:53,1079953193,20.54,23.16,654.66,2.789,1086,229,322,1,2
298,35,2004-03-05T10:03:14,1078480994,23.34,34.31,70.66,2.732,1017,415,302,1,2
299,8,2004-02-29T17:01:58,1078074118,25.51,42.67,62.67,2.821,1182,1017,422,2,3
300,50,2004-03-06T11:14:23,1078571663,21.96,64.08,504.99,2.848,1653,724,169,4,3
301,49,2004-04-03T22:36:31,1081031791,19.65,36.92,137.55,2.815,1016,369,108,1,3
302,43,2004-03-24T12:24:24,1080131064,21.37,52.86,268.35,2.646,1354,768,449,2,1
303,34,2004-02-29T16:57:23,1078073843,20.9,33.28,487.85,2.756,1161,1036,381,2,2
304,53,2004-03-16T13:59:23,1079445563,21.04,42.31,419.77,2.744,1265,314,177,2,2
305,19,2004-03-03T07:46:56,1078300016,20.69,44.59,287.38,2.852,1226,978,453,2,3
306,7,2004-03-30T21:09:21,1080680961,20.7,64.2,192.95,2.951,1473,485,415,4,3
307,31,2004-03-06T22:49:36,1078613376,16.85,12.96,380.65,2.67,722,1001,373,1,2
308,18,2004-03-15T08:54:07,1079340847,22.9,35.26,498.05,2.719,1236,267,164,2,2
309,40,2004-03-27T14:43:09,1080398589,24.02,47.96,426.29,2.712,1413,1005,530,4,2
310,14,2004-04-04T08:34:19,1081067659,26.5,50.02,211.82,2.8,1386,331,520,2,2
311,39,2004-04-01T14:48:36,1080830916,24.58,30.88,446.16,2.694,1178,657,411,2,2
312,53,2004-02-29T08:43:16,1078044196,24.43,44.54,11.76,2.76,1163,949,291,2,2
313,36,2004-03-13T08:44:42,1079167482,22.89,45.15,520.66,2.708,1395,433,229,2,2
314,17,2004-03-10T11:03:18,1078916598,16.71,62.66,153.69,2.584,1351,994,324,2,1
315,37,2004-03-07T01:59:36,1078624776,22.84,47.5,143.83,2.703,1241,735,234,2,2
316,44,2004-03-26T09:24:56,1080293096,22.34,43.3,199.39,2.722,1196,657,146,2,2
317,9,2004-03-27T16:05:54,1080403554,25.09,36.56,174.31,2.727,1137,883,414,2,2
318,20,2004-03-07T01:53:22,1078624402,23.7,52.29,136.66,2.789,1327,459,558,2,2
319,45,2004-03-17T09:06:55,1079514415,21.61,41.94,287.11,2.673,1205,725,172,2,2
320,28,2004-03-30T02:42:10,1080614530,27.87,38.2,2.69,2.623,1132,650,537,2,1
321,50,2004-03-17T06:39:19,1079505559,24.55,33.24,300.9,2.821,1140,888,107,2,3
322,20,2004-03-09T12:01:57,1078833717,23.02,41.44,730.92,2.671,1447,769,548,4,2
323,41,2004-03-27T18:22:47,1080411767,23.37,53.38,116.07,2.723,1326,381,372,2,2
324,36,2004-03-02T17:13:04,1078247584,22.18,38.84,195.98,2.713,1124,610,458,2,2
325,53,2004-03-20T09:06:31,1079773591,22.05,45.41,439.47,2.586,1342,960,254,2,1
326,27,2004-03-16T00:38:11,1079397491,15.49,38.32,321.61,2.825,1045,531,107,1,3
327,8,2004-03-06T17:37:14,1078594634,19.25,47.04,336.86,2.732,1259,914,476,2,2
328,32,2004-03-03T09:08:00,1078304880,20.38,46.0,409.65,2.758,1302,765,266,2,2
329,1,2004-03-23T15:37:43,1080056263,23.35,35.55,85.74,2.81,1043,956,366,1,3
330,17,2004-03-08T03:59:31,1078718371,17.04,54.98,36.24,2.698,1184,643,269,2,2
331,9,2004-03-04T19:12:37,1078427557,20.44,27.53,283.73,2.757,963,235,112,1,2
332,20,2004-03-01T03:13:43,1078110823,20.05,58.62,499.08,2.723,1530,1140,163,4,2
333,45,2004-03-29T05:58:21,1080539901,22.35,48.95,416.04,2.773,1389,974,510,2,2
334,32,2004-03-19T06:44:50,1079678690,23.36,52.05,648.64,2.68,1572,583,497,4,2
335,2,2004-03-09T13:28:15,1078838895,20.06,25.19,540.61,2.836,1049,943,447,1,3
336,32,2004-04-01T19:39:04,1080848344,20.28,44.39,3.89,2.619,1073,1088,112,1,1
337,45,2004-03-19T16:05:54,1079712354,19.96,63.4,169.06,2.82,1435,635,266,4,3
338,9,2004-02-29T13:01:12,1078059672,20.83,43.26,362.72,2.827,1247,705,137,2,3
339,30,2004-03-07T21:17:16,1078694236,21.85,46.56,410.97,2.735,1341,361,376,2,2
340,20,2004-04-03T16:25:53,1081009553,25.95,31.27,67.66,2.704,1022,628,269,1,2
341,38,2004-03-31T09:38:07,1080725887,18.96,27.73,162.03,2.819,876,760,327,1,3
342,1,2004-04-01T14:55:41,1080831341,27.25,47.76,340.64,2.785,1432,1030,320,4,2
343,5,2004-03-12T00:48:01,1079052481,18.3,36.86,68.28,2.643,953,853,441,1,1
344,35,2004-03-23T07:20:21,1080026421,24.86,38.35,129.19,2.754,1137,436,344,2,2
345,36,2004-03-08T01:04:34,1078707874,20.57,45.76,248.79,2.69,1222,1103,243,2,2
346,1,2004-03-28T12:45:03,1080477903,19.27,53.24,864.7,2.744,1616,1019,133,4,2
347,14,2004-03-14T18:00:28,1079287228,25.95,51.31,153.72,2.757,1366,768,480,2,2
348,9,2004-03-30T15:22:16,1080660136,22.25,46.2,650.66,2.645,1463,719,130,4,1
349,30,2004-03-06T03:47:47,1078544867,22.13,55.65,25.49,2.597,1290,1005,115,2,1
350,24,2004-03-12T04:20:48,1079065248,21.17,57.53,4.96,2.663,1289,1095,500,2,2
351,4,2004-03-23T17:13:39,1080062019,20.26,43.42,513.31,2.809,1313,291,358,2,3
352,50,2004-04-04T06:30:37,1081060237,21.47,65.02,9.45,2.719,1409,529,405,4,2
353,14,2004-03-09T03:50:44,1078804244,12.32,31.95,67.24,2.811,759,282,221,1,3
354,25,2004-03-04T13:20:47,1078406447,16.44,26.6,382.51,2.85,919,388,394,1,3
355,4,2004-03-18T18:25:23,1079634323,23.18,61.6,341.72,2.72,1558,671,278,4,2
356,25,2004-03-11T19:37:27,1079033847,25.55,36.6,41.2,2.748,1081,670,221,1,2
357,10,2004-03-09T21:05:03,1078866303,26.09,12.93,739.04,2.777,1085,1057,366,1,2
358,35,2004-02-29T11:39:51,1078054791,19.13,41.09,49.53,2.547,1024,288,200,1,1
359,7,2004-03-28T08:36:22,1080462982,22.58,59.74,277.96,2.658,1487,818,380,4,2
360,42,2004-03-10T18:30:26,1078943426,15.42,41.31,152.02,2.706,1004,526,385,1,2
361,13,2004-03-18T04:54:40,1079585680,20.95,23.7,161.36,2.797,855,838,331,1,2
362,4,2004-03-21T01:14:39,1079831679,24.47,41.52,87.46,2.593,1156,676,170,2,1
363,50,2004-03-26T05:50:39,1080280239,21.95,42.77,629.1,2.77,1395,291,176,2,2
364,43,2004-02-29T05:50:50,1078033850,21.0,40.97,344.85,2.667,1207,657,426,2,2
365,36,2004-03-25T06:17:22,1080195442,21.96,36.37,710.07,2.753,1340,489,186,2,2
366,14,2004-03-28T08:24:53,1080462293,25.85,36.94,13.4,2.679,1078,802,551,1,2
367,18,2004-03-26T12:52:06,1080305526,21.27,53.73,23.29,2.688,1243,577,201,2,2
368,8,2004-03-21T22:58:29,1079909909,22.22,38.04,42.15,2.67,1036,1064,387,1,2
369,32,2004-02-29T08:19:41,1078042781,26.56,46.94,38.33,2.679,1254,524,301,2,2
370,27,2004-03-16T14:41:41,1079448101,21.32,46.89,120.14,2.807,1190,353,276,2,3
371,42,2004-03-17T18:03:17,1079546597,17.09,37.6,154.43,2.626,983,547,202,1,1
372,37,2004-03-24T19:54:20,1080158060,26.11,35.97,280.11,2.598,1202,454,175,2,1
373,23,2004-03-19T13:57:06,1079704626,25.05,45.84,435.98,2.614,1407,1101,514,4,1
374,7,2004-03-21T02:53:41,1079837621,15.35,25.17,151.57,2.667,760,221,196,1,2
375,12,2004-03-12T21:09:46,1079125786,21.61,68.93,340.79,2.699,1636,864,182,4,2
376,25,2004-03-22T07:34:44,1079940884,21.93,38.13,174.52,2.723,1098,917,548,1,2
377,3,2004-04-02T00:00:29,1080864029,26.11,40.31,113.18,2.7,1183,1074,426,2,2
378,26,2004-03-27T10:33:04,1080383584,21.96,53.84,42.13,2.658,1268,856,473,2,2
379,4,2004-04-04T09:19:23,1081070363,22.5,42.96,513.28,2.866,1351,840,369,2,3
380,42,2004-03-15T09:56:15,1079344575,22.59,39.99,338.39,2.757,1221,383,404,2,2
381,36,2004-04-02T10:52:43,1080903163,20.6,28.95,131.21,2.648,912,492,444,1,1
382,15,2004-03-07T10:45:03,1078656303,25.89,46.22,352.11,2.708,1387,734,243,2,2
383,32,2004-03-23T19:14:26,1080069266,19.62,38.44,474.62,2.795,1206,750,452,2,2
384,29,2004-04-03T13:11:31,1080997891,20.54,69.98,214.04,2.665,1568,746,180,4,2
385,10,2004-03-30T13:37:03,1080653823,21.98,42.54,347.92,2.691,1252,254,319,2,2
386,21,2004-03-16T12:58:56,1079441936,17.99,17.8,55.31,2.674,654,428,300,1,2
387,54,2004-03-19T09:00:27,1079686827,27.3,56.4,584.82,2.8,1684,353,190,4,3
388,16,2004-02-29T10:28:43,1078050523,22.0,33.0,89.25,2.742,980,471,518,1,2
389,47,2004-03-09T20:01:33,1078862493,24.47,46.28,189.51,2.656,1278,1054,488,2,2
390,19,2004-03-12T02:19:25,1079057965,19.13,61.86,279.92,2.88,1450,332,559,4,3
391,29,2004-04-01T21:05:09,1080853509,24.14,41.29,359.45,2.629,1282,1039,402,2,1
392,52,2004-03-01T01:31:14,1078104674,24.39,42.54,428.0,2.707,1340,341,202,2,2
393,51,2004-03-31T05:39:07,1080711547,24.82,56.22,71.75,2.805,1376,288,412,2,3
394,18,2004-03-28T00:57:59,1080435479,27.71,62.11,701.26,2.699,1837,648,144,4,2
395,44,2004-04-01T09:56:44,1080813404,20.33,43.35,142.55,2.683,1128,731,279,2,2
396,16,2004-03-21T08:36:00,1079858160,21.44,69.27,341.91,2.744,1639,659,240,4,2
397,1,2004-02-29T12:29:33,1078057773,19.46,24.14,737.56,2.722,1120,1057,312,2,2
398,48,2004-02-29T08:01:34,1078041694,21.71,34.17,449.09,2.643,1171,1004,508,2,1
399,2,2004-04-04T06:08:34,1081058914,23.99,39.27,346.66,2.766,1242,959,398,2,2
400,15,2004-03-22T09:12:00,1079946720,23.83,57.68,396.49,2.643,1540,416,421,4,1
401,39,2004-03-06T12:05:07,1078574707,26.92,47.77,211.78,2.598,1361,1075,344,2,1
402,28,2004-03-24T00:47:58,1080089278,23.47,36.9,183.93,2.726,1115,1044,254,2,2
403,1,2004-02-29T15:19:24,1078067964,22.0,31.49,27.39,2.641,926,790,437,1,1
404,5,2004-03-15T12:13:08,1079352788,18.72,27.08,73.43,2.713,817,997,153,1,2
405,42,2004-03-22T22:15:59,1079993759,24.6,51.19,362.83,2.742,1441,437,188,4,2
406,22,2004-03-26T09:03:18,1080291798,21.53,40.33,129.68,2.726,1100,557,506,1,2
407,53,2004-03-24T15:19:27,1080141567,24.67,57.17,447.98,2.962,1575,965,308,4,3
408,36,2004-03-26T05:07:11,1080277631,20.73,27.8,386.47,2.829,1025,674,544,1,3
409,46,2004-03-29T15:34:41,1080574481,25.6,50.13,726.47,2.757,1627,646,357,4,2
410,13,2004-03-06T23:39:04,1078616344,23.16,44.49,231.91,2.752,1246,402,354,2,2
411,1,2004-03-06T23:08:25,1078614505,24.98,37.64,131.98,2.778,1130,554,195,2,2
412,16,2004-03-29T05:15:10,1080537310,23.16,38.51,228.0,2.713,1155,413,398,2,2
413,41,2004-03-22T00:32:53,1079915573,19.22,46.24,601.07,2.706,1379,802,458,2,2
414,22,2004-04-03T15:46:01,1081007161,20.9,44.62,87.75,2.709,1131,940,281,2,2
415,32,2004-03-15T08:54:26,1079340866,18.16,34.3,382.31,2.676,1069,231,478,1,2
416,16,2004-04-04T01:14:15,1081041255,22.55,51.19,109.94,2.875,1274,1072,225,2,3
417,51,2004-03-04T03:38:21,1078371501,17.61,59.46,123.74,2.633,1306,580,185,2,1
418,15,2004-03-23T16:43:03,1080060183,22.88,42.07,107.51,2.791,1142,688,393,2,2
419,46,2004-04-05T06:05:19,1081145119,11.14,51.98,673.0,2.779,1339,1022,322,2,2
420,52,2004-03-11T04:23:10,1078978990,24.43,43.09,279.2,2.769,1275,403,493,2,2
421,42,2004-03-11T08:17:26,1078993046,18.69,73.92,150.29,2.719,1558,875,365,4,2
422,53,2004-03-20T15:39:45,1079797185,19.14,45.17,923.91,2.643,1522,681,255,4,1
423,12,2004-03-11T19:05:34,1079031934,26.12,53.42,197.24,2.751,1422,386,522,4,2
424,1,2004-04-05T08:36:42,1081154202,22.96,59.01,8.13,2.751,1348,1109,300,2,2
425,53,2004-03-17T07:53:13,1079509993,24.54,37.31,128.44,2.904,1115,816,242,2,3
426,17,2004-03-19T21:00:49,1079730049,18.98,53.47,34.61,2.767,1199,662,224,2,2
427,41,2004-03-13T04:11:05,1079151065,24.89,55.35,570.23,2.739,1613,729,175,4,2
428,51,2004-03-25T13:22:24,1080220944,21.59,50.16,105.65,2.717,1237,870,176,2,2
429,50,2004-02-29T20:07:03,1078085223,22.35,54.16,204.72,2.684,1362,424,127,2,2
430,28,2004-04-04T02:57:36,1081047456,26.47,37.22,337.72,2.737,1257,285,298,2,2
431,7,2004-03-15T16:26:18,1079367978,18.51,70.77,402.92,2.765,1633,1032,462,4,2
432,9,2004-03-04T18:34:23,1078425263,24.74,16.22,2.29,2.655,739,220,452,1,2
433,22,2004-03-03T06:07:34,1078294054,23.16,34.91,363.9,2.678,1169,972,385,2,2
434,26,2004-03-29T23:23:08,1080602588,21.36,28.95,57.26,2.645,890,1002,198,1,1
435,53,2004-03-29T09:47:21,1080553641,18.72,65.67,198.54,2.754,1459,1073,142,4,2
436,12,2004-03-25T23:55:14,1080258914,21.33,43.43,126.99,2.805,1141,603,411,2,3
437,7,2004-03-16T06:39:45,1079419185,19.54,33.66,197.84,2.499,995,723,190,1,1
438,46,2004-03-08T05:24:39,1078723479,25.56,37.73,301.37,2.689,1228,634,369,2,2
439,47,2004-03-06T16:27:56,1078590476,22.28,26.7,911.83,2.859,1302,292,535,2,3
440,15,2004-03-25T19:38:35,1080243515,19.97,52.53,97.56,2.775,1236,1089,536,2,2
441,38,2004-03-28T20:05:13,1080504313,17.69,53.74,187.26,2.746,1253,958,523,2,2
442,21,2004-03-14T00:21:26,1079223686,20.61,48.64,381.01,2.62,1332,790,312,2,1
443,14,2004-03-25T19:55:36,1080244536,25.71,36.41,516.16,2.785,1318,648,242,2,2
444,2,2004-03-21T01:15:24,1079831724,22.33,63.31,531.4,2.71,1662,605,315,4,2
445,8,2004-03-26T08:01:04,1080288064,21.46,54.38,360.09,2.776,1425,347,189,4,2
446,45,2004-03-30T05:43:35,1080625415,27.1,24.06,147.39,2.895,977,1086,426,1,3
447,6,2004-03-13T21:15:25,1079212525,20.76,42.67,403.85,2.61,1257,554,237,2,1
448,37,2004-03-16T17:47:55,1079459275,19.58,31.12,317.31,2.831,1017,437,315,1,3
449,37,2004-03-04T04:43:02,1078375382,23.21,62.66,181.83,2.691,1495,528,369,4,2
450,33,2004-03-12T13:43:42,1079099022,23.26,39.62,473.78,2.814,1296,1078,232,2,3
451,41,2004-03-27T23:29:31,1080430171,20.24,28.45,328.12,2.667,996,585,351,1,2
452,6,2004-04-04T18:43:45,1081104225,19.61,43.25,9.93,2.636,1046,231,516,1,1
453,52,2004-03-10T12:42:41,1078922561,26.34,64.08,119.53,2.775,1548,841,381,4,2
454,26,2004-03-06T17:05:26,1078592726,20.7,55.37,277.25,2.581,1383,974,493,2,1
455,39,2004-03-06T12:19:10,1078575550,17.64,38.74,82.58,2.653,975,596,303,1,2
456,41,2004-02-29T09:00:34,1078045234,22.58,42.91,209.21,2.653,1200,901,214,2,2
457,37,2004-04-05T11:52:56,1081165976,24.68,56.94,507.49,2.66,1602,1030,180,4,2
458,14,2004-04-05T00:30:49,1081125049,21.43,61.74,165.11,2.764,1437,915,147,4,2
459,37,2004-03-31T10:23:58,1080728638,23.61,26.39,288.59,2.756,1012,928,504,1,2
460,8,2004-03-18T15:56:45,1079625405,18.86,46.84,380.43,2.705,1270,483,199,2,2
461,39,2004-03-19T07:17:16,1079680636,23.88,40.74,164.72,2.652,1171,1035,209,2,2
462,13,2004-03-02T07:07:01,1078211221,19.13,39.15,70.32,2.7,1005,580,423,1,2
463,13,2004-02-28T15:26:49,1077982009,22.92,61.1,148.99,2.61,1449,733,253,4,1
464,40,2004-03-01T15:18:17,1078154297,24.3,28.74,98.96,2.61,967,844,208,1,1
465,43,2004-03-10T06:36:05,1078900565,22.3,54.66,279.53,2.654,1406,466,132,4,2
466,28,2004-03-11T11:53:20,1079006000,18.29,17.61,223.53,2.595,742,701,246,1,1
467,18,2004-03-10T20:55:15,1078952115,18.42,36.3,46.98,2.722,936,393,338,1,2
468,19,2004-04-05T05:20:41,1081142441,26.78,45.41,363.66,2.758,1398,954,187,2,2
469,38,2004-03-15T15:35:33,1079364933,19.7,29.27,278.88,2.711,972,611,512,1,2
470,32,2004-03-25T09:40:30,1080207630,24.3,71.45,328.59,2.621,1722,576,195,4,1
471,22,2004-03-04T08:07:23,1078387643,22.36,36.39,246.68,2.674,1116,984,503,2,2
472,2,2004-03-22T19:54:12,1079985252,18.99,35.43,25.39,2.784,924,1062,497,1,2
473,13,2004-04-05T17:22:40,1081185760,20.4,36.68,164.03,2.804,1040,319,205,1,3
474,23,2004-04-03T19:39:51,1081021191,27.1,52.0,316.6,2.614,1480,1045,364,4,1
475,25,2004-03-21T23:33:08,1079911988,32.47,55.89,327.19,2.746,1651,757,149,4,2
476,28,2004-03-01T21:50:51,1078177851,21.05,39.74,223.07,2.644,1129,1086,517,2,1
477,11,2004-02-28T00:50:51,1077929451,20.84,48.8,831.34,2.805,1564,940,391,4,3
478,33,2004-03-19T06:51:23,1079679083,17.09,49.73,62.4,2.809,1119,310,388,2,3
479,24,2004-03-10T15:04:06,1078931046,17.05,27.7,303.04,2.511,908,1046,540,1,1
480,2,2004-03-18T05:08:19,1079586499,19.43,43.57,233.62,2.635,1159,1011,312,2,1
481,30,2004-03-10T05:52:05,1078897925,20.66,37.43,189.96,2.744,1070,386,120,1,2
482,17,2004-03-01T04:36:47,1078115807,21.92,26.32,119.4,2.532,893,473,356,1,1
483,40,2004-03-04T04:49:55,1078375795,24.07,47.56,119.06,2.828,1254,343,321,2,3
484,34,2004-03-09T23:46:37,1078875997,22.66,57.18,489.04,2.742,1555,834,529,4,2
485,38,2004-03-28T15:07:26,1080486446,24.12,45.53,376.96,2.585,1354,338,487,2,1
486,22,2004-03-13T14:06:26,1079186786,20.16,14.14,455.7,2.789,843,384,345,1,2
487,5,2004-04-03T08:26:30,1080980790,21.79,39.52,17.45,2.79,1037,287,243,1,2
488,48,2004-03-31T16:45:27,1080751527,20.91,34.28,477.58,2.755,1171,967,547,2,2
489,40,2004-03-24T02:57:55,1080097075,18.2,66.36,128.42,2.744,1424,729,536,4,2
490,51,2004-03-12T05:30:52,1079069452,16.08,40.93,141.21,2.777,1006,466,526,1,2
491,16,2004-04-01T13:43:23,1080827003,19.99,25.63,105.58,2.619,837,771,92,1,1
492,13,2004-04-04T04:26:17,1081052777,14.56,44.45,732.15,2.722,1324,379,208,2,2
493,26,2004-04-02T08:13:17,1080893597,18.6,52.63,248.41,2.642,1286,301,234,2,1
494,31,2004-03-01T13:54:26,1078149266,23.64,46.19,483.92,2.796,1407,424,209,4,2
495,52,2004-03-12T03:20:48,1079061648,22.54,35.37,320.55,2.703,1142,428,383,2,2
496,39,2004-03-18T01:25:11,1079573111,22.06,39.5,360.04,2.524,1214,985,173,2,1
497,48,2004-03-15T03:04:30,1079319870,25.54,54.19,113.35,2.582,1380,845,471,2,1
498,23,2004-03-23T14:23:23,1080051803,19.81,46.21,180.9,2.699,1180,945,273,2,2
499,48,2004-03-15T11:21:26,1079349686,24.05,69.3,124.39,2.657,1583,685,527,4,2
500,12,2004-04-04T18:45:45,1081104345,19.58,46.18,59.83,2.66,1114,861,133,2,2
501,14,2004-04-04T12:07:16,1081080436,22.83,26.66,207.28,2.64,960,1091,256,1,1
502,18,2004-03-01T02:51:02,1078109462,22.46,42.6,81.48,2.633,1129,430,144,2,1
503,27,2004-03-27T20:05:18,1080417918,22.62,38.24,190.07,2.73,1121,526,232,2,2
504,28,2004-03-31T21:26:32,1080768392,20.84,26.37,167.4,2.76,896,915,535,1,2
505,18,2004-02-29T03:50:35,1078026635,22.96,46.57,384.7,2.721,1350,1070,357,2,2
506,16,2004-04-05T06:34:28,1081146868,23.19,39.98,99.75,2.753,1113,447,271,1,2
507,52,2004-03-27T15:40:48,1080402048,17.71,46.79,192.43,2.705,1152,461,322,2,2
508,16,2004-03-21T00:13:45,1079828025,24.55,66.96,175.63,2.576,1583,306,399,4,1
509,13,2004-03-07T16:23:21,1078676601,18.29,43.45,407.03,2.82,1221,748,422,2,3
510,29,2004-03-08T07:08:48,1078729728,19.37,57.29,155.73,2.815,1325,1130,401,2,3
511,9,2004-03-11T01:47:13,1078969633,22.73,42.7,237.45,2.75,1214,671,390,2,2
512,26,2004-03-25T07:46:39,1080200799,23.79,49.99,135.03,2.601,1293,570,301,2,1
513,28,2004-03-18T19:29:01,1079638141,22.66,46.44,54.31,2.582,1177,355,154,2,1
514,41,2004-03-05T03:05:25,1078455925,22.98,48.21,260.88,2.641,1313,817,451,2,1
515,13,2004-04-04T05:25:03,1081056303,18.59,43.42,74.11,2.872,1060,725,286,1,3
516,36,2004-03-11T08:50:32,1078995032,20.43,62.4,249.15,2.73,1469,282,531,4,2
517,9,2004-03-01T01:03:35,1078103015,15.85,52.58,333.54,2.702,1272,894,542,2,2
518,47,2004-03-01T04:07:08,1078114028,19.24,46.39,204.91,2.71,1183,749,495,2,2
519,14,2004-03-30T15:59:48,1080662388,17.98,55.9,103.06,2.669,1250,480,261,2,2
520,51,2004-03-27T14:19:44,1080397184,22.04,46.54,83.53,2.695,1181,844,480,2,2
521,12,2004-04-05T23:09:03,1081206543,29.07,58.4,200.82,2.708,1558,276,546,4,2
522,53,2004-03-03T16:58:36,1078333116,24.28,30.84,88.41,2.654,992,768,472,1,2
523,32,2004-03-28T10:33:10,1080469990,15.27,70.58,160.93,2.603,1444,867,382,4,1
524,38,2004-03-30T23:16:14,1080688574,17.45,47.07,114.9,2.709,1112,925,400,1,2
525,3,2004-03-05T06:20:52,1078467652,18.1,31.31,225.76,2.639,945,728,379,1,1
526,54,2004-03-18T12:24:53,1079612693,16.73,53.99,374.63,2.786,1332,842,450,2,2
527,52,2004-03-26T04:45:16,1080276316,21.15,60.52,120.55,2.739,1391,272,434,2,2
528,16,2004-03-31T13:09:10,1080738550,22.69,32.7,167.37,2.692,1028,435,547,1,2
529,20,2004-03-31T20:12:59,1080763979,18.12,39.34,680.97,2.643,1293,406,191,2,1
530,32,2004-03-29T04:48:25,1080535705,21.33,57.18,95.34,2.755,1332,279,194,2,2
531,23,2004-03-24T01:12:47,1080090767,22.66,51.77,652.49,2.758,1556,726,557,4,2
532,17,2004-03-21T00:54:10,1079830450,24.1,39.72,514.72,2.663,1335,921,550,2,2
533,16,2004-02-29T16:05:56,1078070756,22.47,42.01,136.9,2.729,1148,1112,278,2,2
534,38,2004-03-01T08:37:41,1078130261,22.99,29.99,178.06,2.631,999,989,471,1,1
535,8,2004-04-03T20:55:20,1081025720,21.89,33.15,150.41,2.713,1010,777,382,1,2
536,19,2004-03-03T02:46:52,1078282012,18.96,24.93,2.77,2.635,754,960,395,1,1
537,30,2004-02-28T02:37:15,1077935835,19.61,40.82,243.41,2.661,1126,952,475,2,2
538,34,2004-03-04T04:19:16,1078373956,18.03,53.13,78.0,2.769,1197,654,369,2,2
539,14,2004-03-19T05:33:34,1079674414,26.5,41.8,439.53,2.795,1377,743,139,2,2
540,22,2004-04-02T06:53:36,1080888816,17.59,58.4,371.19,2.589,1413,712,158,4,1
541,44,2004-02-28T21:53:01,1078005181,24.86,37.25,262.71,2.688,1187,242,257,2,2
542,17,2004-03-25T11:43:47,1080215027,17.62,27.11,379.4,2.754,949,963,409,1,2
543,15,2004-03-25T03:02:28,1080183748,24.3,58.86,302.13,2.617,1520,437,242,4,1
544,50,2004-03-25T21:27:39,1080250059,24.92,49.41,196.08,2.668,1337,446,549,2,2
545,48,2004-03-26T19:33:35,1080329615,25.46,59.73,32.05,2.744,1421,314,544,4,2
546,32,2004-03-07T20:15:21,1078690521,18.88,40.96,743.5,2.657,1364,1122,418,2,2
547,13,2004-04-01T06:16:57,1080800217,22.49,64.09,386.4,2.594,1604,313,304,4,1
548,21,2004-03-19T03:06:23,1079665583,20.2,32.08,298.74,2.673,1035,858,315,1,2
549,49,2004-03-12T12:55:48,1079096148,19.34,41.55,41.28,2.683,1031,393,508,1,2
550,40,2004-03-28T21:15:15,1080508515,22.13,49.89,916.91,2.825,1649,818,187,4,3
551,33,2004-03-16T09:55:44,1079430944,24.44,39.37,19.13,2.888,1089,824,172,1,3
552,27,2004-03-11T19:41:17,1079034077,20.21,47.73,208.78,2.727,1225,905,509,2,2
553,35,2004-03-16T21:02:28,1079470948,22.99,59.97,220.26,2.708,1469,261,412,4,2
554,16,2004-03-02T08:13:10,1078215190,19.28,49.52,208.8,2.611,1233,941,267,2,1
555,28,2004-03-09T07:23:37,1078817017,18.87,42.86,330.89,2.588,1186,736,209,2,1
556,34,2004-03-29T14:34:49,1080570889,21.03,59.72,299.55,2.793,1466,400,285,4,2
557,47,2004-03-15T07:20:36,1079335236,21.21,51.15,122.89,2.582,1253,1010,365,2,1
558,1,2004-03-17T23:54:09,1079567649,24.0,44.9,417.98,2.753,1363,370,398,2,2
559,41,2004-03-06T12:40:19,1078576819,18.25,44.04,92.3,2.891,1072,548,411,1,3
560,48,2004-03-28T06:55:26,1080456926,28.48,40.59,102.18,2.618,1229,1051,549,2,1
561,31,2004-03-31T14:45:29,1080744329,16.62,55.12,35.17,2.547,1177,277,175,2,1
562,36,2004-03-09T06:27:05,1078813625,22.68,55.57,380.93,2.738,1478,948,148,4,2
563,44,2004-03-02T03:32:47,1078198367,21.14,60.18,349.26,2.803,1500,567,376,4,3
564,33,2004-03-01T05:07:12,1078117632,20.05,50.16,140.05,2.621,1224,490,212,2,1
565,33,2004-03-14T15:44:55,1079279095,21.47,38.47,20.56,2.777,1017,515,274,1,2
566,39,2004-03-23T09:11:32,1080033092,24.02,48.97,24.98,2.8,1227,432,242,2,2
567,18,2004-03-17T09:27:08,1079515628,24.48,38.25,393.84,2.731,1260,242,486,2,2
568,23,2004-03-29T15:51:43,1080575503,21.35,46.94,14.39,2.668,1138,467,397,2,2
569,23,2004-03-11T17:42:47,1079026967,23.0,61.92,162.48,2.765,1470,774,508,4,2
570,15,2004-03-25T10:58:23,1080212303,18.01,59.18,129.59,2.658,1313,991,363,2,2
571,26,2004-03-06T03:56:32,1078545392,21.45,55.86,101.44,2.696,1318,671,545,2,2
572,30,2004-02-28T13:38:35,1077975515,23.18,44.73,716.19,2.671,1493,1029,139,4,2
573,25,2004-03-31T21:05:35,1080767135,15.15,55.75,3.25,2.722,1141,410,440,2,2
574,45,2004-03-07T08:29:07,1078648147,22.24,37.31,131.63,2.714,1070,432,526,1,2
575,16,2004-03-12T20:41:59,1079124119,21.5,27.46,308.88,2.698,996,217,246,1,2
576,39,2004-03-19T09:46:51,1079689611,25.81,48.26,72.5,2.681,1276,831,230,2,2
577,48,2004-03-22T14:14:09,1079964849,22.5,40.5,23.57,2.748,1069,281,348,1,2
578,45,2004-03-05T04:57:06,1078462626,23.44,66.41,301.78,2.642,1616,1018,404,4,1
579,14,2004-04-03T07:10:51,1080976251,21.19,64.59,434.92,2.635,1610,380,182,4,1
580,17,2004-03-27T08:49:36,1080377376,23.9,36.73,590.78,2.791,1324,736,519,2,2
581,12,2004-03-11T04:22:56,1078978976,23.69,53.34,140.62,2.774,1344,799,208,2,2
582,29,2004-03-31T16:11:40,1080749500,18.08,21.31,31.09,2.645,697,621,448,1,1
583,32,2004-04-02T13:03:46,1080911026,22.93,49.07,33.26,2.64,1211,665,484,2,1
584,24,2004-03-15T06:05:30,1079330730,25.55,48.77,620.83,2.644,1553,277,259,4,1
585,52,2004-03-01T21:51:32,1078177892,24.95,33.08,297.52,2.552,1144,335,416,2,1
586,13,2004-03-16T22:01:38,1079474498,22.08,46.98,45.79,2.776,1169,972,285,2,2
587,20,2004-03-04T16:24:32,1078417472,22.97,33.86,3.81,2.729,969,435,143,1,2
588,15,2004-03-11T13:54:40,1079013280,24.74,55.22,133.23,2.628,1390,1135,411,2,1
589,53,2004-03-04T20:16:39,1078431399,18.58,47.23,176.29,2.757,1168,322,548,2,2
590,4,2004-03-02T20:06:33,1078257993,23.42,62.91,344.7,2.771,1585,838,504,4,2
591,54,2004-03-30T07:13:46,1080630826,16.09,26.63,663.72,2.696,1053,508,116,1,2
592,34,2004-03-22T19:02:03,1079982123,24.59,34.58,525.39,2.736,1273,464,515,2,2
593,28,2004-03-25T00:43:08,1080175388,20.85,39.18,210.96,2.734,1110,982,476,1,2
594,50,2004-02-29T06:15:40,1078035340,21.74,50.89,7.62,2.699,1202,998,468,2,2
595,2,2004-04-03T21:18:03,1081027083,20.33,48.25,337.67,2.702,1299,498,424,2,2
596,47,2004-03-08T13:08:46,1078751326,21.88,50.1,330.96,2.729,1355,778,172,2,2
597,30,2004-03-14T05:01:33,1079240493,22.77,37.21,36.38,2.717,1032,570,469,1,2
598,26,2004-03-30T23:57:53,1080691073,24.26,22.16,390.55,2.665,1013,300,163,1,2
599,51,2004-04-02T10:44:02,1080902642,25.9,35.88,462.79,2.656,1288,411,527,2,2
600,47,2004-03-03T11:09:37,1078312177,22.15,61.9,592.54,2.828,1668,342,208,4,3
601,26,2004-03-18T08:47:30,1079599650,17.02,37.56,166.05,2.67,987,933,529,1,2
602,20,2004-03-29T15:46:30,1080575190,25.92,47.13,588.9,2.598,1520,429,390,4,1
603,42,2004-03-21T07:55:05,1079855705,17.58,45.73,84.78,2.794,1080,397,267,1,2
604,28,2004-03-29T15:13:11,1080573191,20.73,47.2,61.08,2.697,1153,479,480,2,2
605,20,2004-03-30T08:48:28,1080636508,20.53,28.98,292.22,2.694,991,1084,231,1,2
606,11,2004-03-06T09:27:53,1078565273,22.03,54.82,542.75,2.695,1534,430,282,4,2
607,10,2004-02-28T18:19:13,1077992353,18.21,43.81,481.72,2.8,1262,330,336,2,3
608,23,2004-03-29T01:31:20,1080523880,18.06,72.72,510.03,2.622,1707,524,260,4,1
609,37,2004-02-28T00:54:27,1077929667,21.94,40.52,358.02,2.788,1226,938,305,2,2
610,41,2004-03-24T05:31:37,1080106297,19.61,56.73,487.72,2.727,1487,367,404,4,2
611,52,2004-03-21T06:36:36,1079850996,26.04,40.35,208.42,2.774,1230,636,208,2,2
612,19,2004-04-01T19:41:37,1080848497,20.35,68.03,294.72,2.664,1575,1050,572,4,2
613,45,2004-02-29T19:39:24,1078083564,18.92,53.77,1036.14,2.915,1703,891,229,4,3
614,18,2004-03-05T04:47:06,1078462026,27.02,29.58,463.61,2.691,1216,871,322,2,2
615,49,2004-03-24T19:03:56,1080155036,23.41,61.88,206.01,2.695,1499,1147,231,4,2
616,27,2004-03-05T03:43:51,1078458231,30.15,54.3,440.97,2.627,1638,956,305,4,1
617,6,2004-04-02T14:24:35,1080915875,16.23,39.39,116.66,2.69,974,346,206,1,2
618,10,2004-04-05T02:40:20,1081132820,22.62,25.64,103.54,2.631,889,876,153,1,1
619,2,2004-03-04T23:32:51,1078443171,23.46,59.38,139.12,2.873,1429,296,130,4,3
620,24,2004-04-01T21:20:09,1080854409,22.08,65.73,15.15,2.556,1435,1096,282,4,1
621,38,2004-03-29T18:56:36,1080586596,20.91,58.43,731.0,2.514,1660,1096,257,4,1
622,28,2004-03-29T13:25:28,1080566728,25.74,55.44,342.24,2.655,1517,1114,465,4,2
623,28,2004-03-06T23:58:15,1078617495,23.4,51.69,375.51,2.729,1431,953,417,4,2
624,53,2004-03-08T15:35:27,1078760127,16.93,57.71,168.75,2.809,1289,1059,126,2,3
625,45,2004-04-04T06:02:10,1081058530,19.39,41.86,145.85,2.711,1089,1092,355,1,2
626,50,2004-03-12T11:02:08,1079089328,18.51,23.22,181.09,2.673,809,1035,185,1,2
627,39,2004-03-09T01:31:14,1078795874,21.64,54.11,73.23,2.701,1281,812,523,2,2
628,2,2004-03-24T06:25:51,1080109551,24.85,49.71,104.8,2.762,1295,787,515,2,2
629,46,2004-04-04T14:48:03,1081090083,20.86,28.16,427.84,2.606,1054,805,396,1,1
630,5,2004-02-28T19:37:20,1077997040,21.24,18.69,120.14,2.779,765,261,272,1,2
631,50,2004-03-01T06:36:22,1078122982,19.06,45.98,334.08,2.551,1238,374,200,2,1
632,11,2004-03-22T03:49:51,1079927391,24.28,43.14,200.23,2.68,1233,266,262,2,2
633,10,2004-03-03T15:16:13,1078326973,25.7,42.12,205.79,2.692,1249,870,526,2,2
634,43,2004-03-16T01:31:11,1079400671,21.9,51.95,426.2,2.586,1430,1006,295,4,1
635,2,2004-02-28T17:04:36,1077987876,26.74,36.06,236.04,2.703,1194,984,419,2,2
636,15,2004-03-14T16:32:11,1079281931,20.37,53.25,16.16,2.665,1214,913,509,2,2
637,39,2004-03-13T01:44:16,1079142256,17.81,53.33,349.37,2.719,1331,639,216,2,2
638,41,2004-03-06T19:38:30,1078601910,24.41,13.07,5.35,2.723,687,360,496,1,2
639,37,2004-03-31T08:36:38,1080722198,21.71,44.18,411.6,2.73,1303,266,126,2,2
640,7,2004-03-30T15:31:36,1080660696,20.26,47.4,546.73,2.659,1390,338,507,2,2
641,20,2004-03-28T01:42:00,1080438120,22.23,53.98,543.96,2.712,1526,832,308,4,2
642,34,2004-03-09T09:32:00,1078824720,17.25,51.59,24.78,2.797,1131,1003,213,2,2
643,35,2004-03-06T08:18:56,1078561136,16.76,23.99,339.43,2.764,865,483,166,1,2
644,34,2004-03-17T08:54:21,1079513661,22.28,46.15,227.7,2.724,1252,437,546,2,2
645,53,2004-03-22T05:40:35,1079934035,23.3,41.89,589.13,2.623,1389,508,530,2,1
646,22,2004-03-13T04:43:27,1079153007,26.18,57.9,575.28,2.493,1680,461,518,4,1
647,31,2004-04-03T11:26:13,1080991573,24.66,30.62,477.84,2.541,1191,687,282,2,1
648,23,2004-04-05T18:55:08,1081191308,23.91,44.97,306.0,2.751,1306,343,412,2,2
649,19,2004-02-28T18:23:54,1077992634,25.81,55.46,151.09,2.636,1424,259,466,4,1
650,4,2004-03-17T16:00:18,1079539218,23.47,54.12,392.15,2.598,1477,414,348,4,1
651,24,2004-03-25T08:05:04,1080201904,20.97,43.15,192.07,2.648,1163,233,192,2,1
652,20,2004-04-05T07:53:07,1081151587,24.74,59.16,162.14,2.689,1463,903,563,4,2
653,39,2004-03-03T17:53:15,1078336395,24.63,36.23,571.27,2.707,1322,438,420,2,2
654,28,2004-03-25T12:42:36,1080218556,21.98,53.79,307.5,2.641,1400,1066,457,2,1
655,54,2004-03-04T09:29:12,1078392552,18.4,55.78,124.29,2.773,1267,1068,205,2,2
656,39,2004-03-22T00:55:46,1079916946,16.64,28.58,155.66,2.683,839,436,375,1,2
657,17,2004-03-22T04:23:39,1079929419,24.53,60.63,716.13,2.68,1758,897,574,4,2
658,19,2004-03-19T12:43:52,1079700232,23.44,25.22,290.74,2.626,992,707,261,1,1
659,54,2004-04-05T02:14:51,1081131291,23.86,49.48,60.04,2.856,1249,683,536,2,3
660,48,2004-02-28T14:25:34,1077978334,24.64,39.37,479.4,2.687,1323,936,358,2,2
661,35,2004-03-19T11:20:31,1079695231,19.3,57.15,281.04,2.743,1384,727,394,2,2
662,32,2004-03-03T22:12:03,1078351923,16.37,48.96,725.63,2.714,1425,1132,385,4,2
663,47,2004-03-08T17:28:50,1078766930,23.55,66.49,383.31,2.8,1660,809,363,4,2
664,46,2004-02-28T01:31:26,1077931886,25.59,58.64,858.3,2.632,1821,344,513,4,1
665,47,2004-03-12T17:59:43,1079114383,23.06,46.58,389.91,2.742,1355,628,172,2,2
666,46,2004-03-09T02:35:32,1078799732,17.54,59.46,271.61,2.675,1379,376,443,2,2
667,39,2004-03-11T00:44:18,1078965858,22.72,43.76,18.7,2.715,1120,938,455,2,2
668,35,2004-03-25T19:42:16,1080243736,18.63,31.93,68.52,2.672,886,278,499,1,2
669,30,2004-03-30T23:40:42,1080690042,17.37,39.51,172.21,2.853,1026,970,104,1,3
670,17,2004-03-19T22:44:51,1079736291,21.98,43.62,793.22,2.691,1490,857,128,4,2
671,42,2004-03-27T00:11:02,1080346262,22.49,7.71,239.79,2.576,685,782,89,1,1
672,47,2004-03-01T06:56:15,1078124175,21.7,61.6,461.08,2.69,1589,788,564,4,2
673,29,2004-03-26T14:54:48,1080312888,23.31,43.84,508.87,2.711,1378,1122,278,2,2
674,6,2004-03-08T02:44:54,1078713894,19.63,56.57,132.78,2.71,1307,636,312,2,2
675,17,2004-03-18T04:15:40,1079583340,22.26,46.93,40.65,2.598,1169,226,110,2,1
676,17,2004-03-12T04:12:36,1079064756,20.54,26.5,14.97,2.605,816,485,272,1,1
677,14,2004-03-12T21:39:53,1079127593,21.24,45.95,264.17,2.849,1246,1059,252,2,3
678,24,2004-03-29T14:12:09,1080569529,22.81,43.56,135.63,2.682,1177,597,138,2,2
679,50,2004-04-02T20:02:38,1080936158,25.18,36.77,360.53,2.69,1235,1057,186,2,2
680,37,2004-03-09T07:04:25,1078815865,22.88,40.32,506.93,2.867,1316,433,521,2,3
681,40,2004-03-05T04:13:56,1078460036,23.87,45.32,201.67,2.764,1258,656,297,2,2
682,39,2004-04-03T03:59:30,1080964770,22.03,15.55,477.07,2.697,912,470,335,1,2
683,32,2004-02-28T10:35:02,1077964502,23.46,49.32,484.15,2.719,1451,539,385,4,2
684,36,2004-02-28T20:41:00,1078000860,25.1,52.25,105.75,2.86,1339,497,181,2,3
685,50,2004-03-15T08:35:54,1079339754,27.64,51.01,526.21,2.649,1581,1040,391,4,1
686,37,2004-04-05T10:47:38,1081162058,25.63,41.62,151.22,2.767,1213,837,160,2,2
687,48,2004-03-19T13:23:23,1079702603,21.83,68.57,71.37,2.755,1501,762,402,4,2
688,14,2004-03-25T08:19:20,1080202760,25.43,51.13,225.86,2.705,1389,952,314,2,2
689,27,2004-03-01T11:25:45,1078140345,23.65,39.99,222.84,2.656,1184,328,409,2,2
690,19,2004-03-01T16:25:15,1078158315,20.18,30.13,189.0,2.732,950,956,221,1,2
691,31,2004-03-31T16:45:04,1080751504,23.69,28.62,492.51,2.7,1149,1084,528,2,2
692,46,2004-03-25T16:21:16,1080231676,18.61,49.8,402.62,2.758,1321,254,361,2,2
693,9,2004-03-28T08:03:49,1080461029,23.69,53.66,188.22,2.569,1373,757,386,2,1
694,38,2004-03-05T02:03:50,1078452230,27.26,46.49,198.06,2.955,1342,879,403,2,3
695,17,2004-03-14T10:06:37,1079258797,24.47,44.32,645.31,2.748,1477,1026,557,4,2
696,19,2004-03-23T17:23:53,1080062633,25.59,40.93,221.4,2.739,1236,1098,239,2,2
697,44,2004-03-07T07:30:16,1078644616,20.87,50.91,368.05,2.864,1365,801,255,2,3
698,4,2004-03-27T09:13:21,1080378801,23.44,35.69,238.78,2.65,1124,705,189,2,2
699,48,2004-03-13T16:21:46,1079194906,24.09,44.77,123.33,2.644,1215,619,306,2,1
700,11,2004-03-08T07:44:57,1078731897,21.08,46.11,479.52,2.674,1353,621,144,2,2
701,22,2004-03-04T23:41:53,1078443713,24.05,51.92,166.03,2.874,1343,490,535,2,3
702,4,2004-03-13T14:51:48,1079189508,23.36,35.18,534.58,2.693,1262,878,300,2,2
703,17,2004-03-30T08:38:52,1080635932,24.08,32.95,330.7,2.921,1141,971,410,2,3
704,8,2004-03-14T11:34:42,1079264082,18.91,45.6,462.46,2.657,1293,453,547,2,2
705,46,2004-03-11T11:07:51,1079003271,25.83,47.48,172.01,2.49,1315,817,233,2,1
706,34,2004-03-11T07:06:23,1078988783,23.35,44.94,585.05,2.565,1434,560,480,4,1
707,11,2004-03-25T02:17:36,1080181056,21.65,12.43,46.51,2.747,643,371,281,1,2
708,31,2004-03-22T17:16:05,1079975765,21.72,48.99,349.85,2.752,1344,990,361,2,2
709,11,2004-03-13T21:24:03,1079213043,21.88,75.82,128.62,2.729,1639,393,172,4,2
710,54,2004-03-16T17:59:44,1079459984,19.51,56.02,236.2,2.618,1349,249,401,2,1
711,38,2004-03-22T05:19:02,1079932742,25.57,21.53,281.23,2.605,975,356,270,1,1
712,53,2004-03-31T06:53:12,1080715992,24.89,40.14,246.61,2.584,1223,695,397,2,1
713,21,2004-03-03T13:35:40,1078320940,25.09,42.66,565.62,2.675,1424,653,164,4,2
714,46,2004-03-21T07:04:35,1079852675,26.54,41.15,256.7,2.728,1276,1120,508,2,2
715,30,2004-03-29T06:24:35,1080541475,22.57,30.13,298.86,2.803,1053,551,138,1,3
716,10,2004-03-13T01:39:17,1079141957,17.03,34.28,494.02,2.775,1102,1082,549,1,2
717,26,2004-03-07T14:51:39,1078671099,23.89,56.21,302.98,2.715,1472,967,194,4,2
718,27,2004-03-23T12:03:42,1080043422,23.77,53.97,416.88,2.915,1493,424,443,4,3
719,8,2004-03-10T00:28:02,1078878482,26.66,43.66,594.89,2.704,1486,679,371,4,2
720,39,2004-03-01T21:04:43,1078175083,25.25,56.38,415.28,2.519,1558,1049,250,4,1
721,8,2004-02-28T07:26:30,1077953190,22.4,37.12,294.5,2.593,1152,482,321,2,1
722,8,2004-03-18T13:55:38,1079618138,21.57,40.89,440.85,2.709,1265,644,223,2,2
723,34,2004-04-01T16:01:13,1080835273,25.01,40.62,443.84,2.593,1331,379,326,2,1
724,16,2004-03-04T04:32:25,1078374745,14.04,26.38,161.11,2.805,757,831,314,1,3
725,41,2004-03-07T16:04:34,1078675474,22.72,41.93,189.49,2.719,1178,983,259,2,2
726,13,2004-03-20T18:04:50,1079805890,24.84,64.65,314.98,2.808,1624,773,244,4,3
727,23,2004-04-05T09:45:16,1081158316,21.64,63.34,101.22,2.722,1433,635,551,4,2
728,12,2004-03-29T09:29:48,1080552588,20.85,46.41,454.96,2.506,1341,919,234,2,1
729,27,2004-03-08T03:29:01,1078716541,22.88,42.38,75.19,2.821,1131,757,139,2,3
730,22,2004-03-30T18:36:41,1080671801,26.05,66.23,186.12,2.696,1607,978,384,4,2
731,32,2004-04-04T18:14:43,1081102483,23.35,42.04,83.34,2.7,1139,369,204,2,2
732,49,2004-03-31T12:04:43,1080734683,19.97,38.78,193.96,2.738,1078,401,337,1,2
733,27,2004-03-28T11:49:27,1080474567,25.65,56.49,189.41,2.689,1455,983,262,4,2
734,2,2004-03-15T20:08:28,1079381308,26.23,24.47,384.97,2.746,1084,393,466,1,2
735,45,2004-03-25T02:01:34,1080180094,19.58,43.67,6.51,2.719,1050,1057,420,1,2
736,33,2004-03-02T12:44:22,1078231462,30.4,44.21,237.67,2.697,1390,482,453,2,2
737,26,2004-03-17T15:49:22,1079538562,22.0,51.18,195.86,2.586,1306,332,208,2,1
738,28,2004-03-16T22:38:04,1079476684,24.85,37.89,189.29,2.704,1160,1082,532,2,2
739,19,2004-03-09T00:44:11,1078793051,24.18,42.96,50.3,2.691,1153,441,301,2,2
740,43,2004-03-11T20:23:25,1079036605,19.91,46.12,35.46,2.756,1108,309,463,1,2
741,5,2004-03-07T17:46:35,1078681595,20.65,41.95,583.91,2.764,1334,839,142,2,2
742,33,2004-03-26T15:08:32,1080313712,22.2,42.77,22.25,2.685,1097,541,129,1,2
743,20,2004-03-20T15:03:19,1079794999,16.39,54.99,232.33,2.676,1269,449,491,2,2
744,30,2004-03-01T11:25:20,1078140320,24.46,51.97,173.52,2.797,1356,297,291,2,2
745,45,2004-03-15T11:59:01,1079351941,16.31,51.22,358.2,2.759,1274,436,140,2,2
746,8,2004-03-16T11:17:13,1079435833,22.04,25.28,338.23,2.648,989,433,162,1,1
747,38,2004-03-20T15:50:03,1079797803,19.98,50.16,279.82,2.575,1292,1014,327,2,1
748,17,2004-03-16T23:24:28,1079479468,23.74,34.91,565.36,2.845,1281,1123,227,2,3
749,44,2004-03-06T13:39:43,1078580383,15.39,68.9,263.12,2.766,1473,612,348,4,2
750,1,2004-03-15T22:48:12,1079390892,17.01,44.89,371.25,2.775,1199,554,142,2,2
751,3,2004-03-08T12:04:12,1078747452,20.21,42.65,995.47,2.61,1542,852,200,4,1
752,46,2004-03-19T21:59:10,1079733550,23.56,63.23,427.67,2.765,1633,677,286,4,2
753,26,2004-03-24T18:08:20,1080151700,22.66,59.5,371.62,2.623,1532,495,493,4,1
754,31,2004-03-20T11:26:07,1079781967,25.15,42.15,132.22,2.785,1201,656,303,2,2
755,8,2004-03-16T18:20:37,1079461237,22.32,30.88,198.43,2.69,1009,937,225,1,2
756,43,2004-03-07T11:18:19,1078658299,21.95,23.84,161.25,2.594,877,742,324,1,1
757,46,2004-03-26T13:23:48,1080307428,18.79,32.43,225.37,2.715,975,609,129,1,2
758,8,2004-03-02T00:09:07,1078186147,21.33,48.85,687.83,2.742,1503,810,572,4,2
759,35,2004-03-06T03:00:50,1078542050,21.94,43.23,327.92,2.749,1251,304,375,2,2
760,39,2004-03-03T21:39:30,1078349970,15.84,33.76,869.03,2.704,1258,281,137,2,2
761,28,2004-03-26T11:12:19,1080299539,19.33,40.29,358.92,2.538,1170,844,255,2,1
762,51,2004-03-10T21:25:12,1078953912,23.39,65.6,284.03,2.818,1594,859,574,4,3
763,4,2004-03-30T15:51:45,1080661905,22.54,58.44,158.59,2.75,1407,980,490,4,2
764,16,2004-03-08T22:22:38,1078784558,21.24,66.03,791.38,2.705,1811,701,563,4,2
765,13,2004-03-23T11:26:32,1080041192,20.18,36.72,60.63,2.803,985,885,331,1,3
766,20,2004-02-28T14:35:28,1077978928,16.77,54.68,18.11,2.595,1165,554,510,2,1
767,51,2004-03-20T16:23:41,1079799821,15.47,53.44,64.51,2.671,1143,458,186,2,2
768,5,2004-03-26T06:32:46,1080282766,21.08,62.62,878.58,2.781,1800,401,287,4,2
769,37,2004-03-20T20:20:46,1079814046,26.47,45.14,244.23,2.874,1329,870,534,2,3
770,20,2004-04-03T12:03:12,1080993792,22.11,35.61,225.23,2.663,1089,1093,481,1,2
771,24,2004-03-29T01:44:20,1080524660,25.06,34.18,356.14,2.558,1192,314,424,2,1
772,36,2004-03-30T14:46:13,1080657973,18.47,44.84,124.54,2.759,1104,972,264,1,2
773,34,2004-03-15T09:37:57,1079343477,22.85,45.93,29.1,2.811,1160,841,299,2,3
774,45,2004-03-19T12:26:42,1079699202,19.89,48.27,43.53,2.559,1144,826,230,2,1
775,48,2004-03-25T01:45:28,1080179128,19.77,28.25,53.68,2.689,846,882,516,1,2
776,54,2004-03-09T16:50:18,1078851018,24.23,60.53,400.6,2.79,1593,873,384,4,2
777,34,2004-04-02T06:54:03,1080888843,21.64,28.77,217.65,2.818,973,976,111,1,3
778,19,2004-04-02T12:40:41,1080909641,17.84,60.49,267.62,2.574,1398,381,164,2,1
779,17,2004-03-09T17:54:39,1078854879,22.29,41.13,364.81,2.68,1245,407,334,2,2
780,5,2004-03-11T06:19:59,1078985999,19.85,67.15,450.87,2.66,1630,853,557,4,2
781,25,2004-03-29T14:08:07,1080569287,17.67,24.05,19.22,2.619,724,511,415,1,1
782,18,2004-03-27T18:19:55,1080411595,19.01,59.11,300.98,2.717,1417,812,146,4,2
783,53,2004-03-14T10:44:39,1079261079,28.14,32.63,418.0,2.727,1261,1063,203,2,2
784,50,2004-02-28T18:23:23,1077992603,25.64,31.77,651.4,2.844,1315,505,543,2,3
785,8,2004-04-02T18:05:40,1080929140,15.96,64.87,83.04,2.506,1334,669,424,2,1
786,27,2004-02-29T20:39:35,1078087175,21.43,54.03,223.76,2.743,1351,903,235,2,2
787,15,2004-04-04T12:24:25,1081081465,21.65,27.27,71.7,2.636,878,888,342,1,1
788,45,2004-03-29T21:04:27,1080594267,21.2,47.42,298.48,2.606,1285,857,310,2,1
789,13,2004-03-17T02:14:59,1079489699,20.01,61.86,342.97,2.678,1500,916,411,4,2
790,16,2004-03-27T11:41:59,1080387719,24.24,51.7,766.38,2.723,1644,1002,341,4,2
791,22,2004-03-31T05:27:13,1080710833,24.83,45.37,100.75,2.653,1227,982,144,2,2
792,20,2004-03-14T13:20:27,1079270427,25.15,58.81,203.59,2.679,1487,984,305,4,2
793,13,2004-03-28T03:22:03,1080444123,22.99,49.42,123.41,2.699,1263,1119,188,2,2
794,20,2004-04-05T21:05:44,1081199144,23.83,25.08,58.08,2.734,882,297,348,1,2
795,2,2004-03-08T03:47:47,1078717667,20.97,46.15,448.74,2.791,1336,1083,459,2,2
796,35,2004-03-04T18:12:42,1078423962,17.27,50.81,135.96,2.684,1176,1024,275,2,2
797,47,2004-03-03T10:38:54,1078310334,17.19,47.67,62.82,2.708,1090,500,482,1,2
798,19,2004-03-22T04:42:48,1079930568,19.44,40.14,478.63,2.703,1230,931,374,2,2
799,45,2004-03-02T16:10:28,1078243828,21.4,50.49,88.23,2.838,1229,625,139,2,3
800,37,2004-03-14T19:56:03,1079294163,18.15,47.2,921.16,2.739,1532,812,238,4,2
801,54,2004-03-11T01:41:32,1078969292,18.61,21.1,528.62,2.731,953,649,122,1,2
802,6,2004-03-06T23:55:07,1078617307,20.86,29.08,544.6,2.697,1126,565,452,2,2
803,14,2004-03-21T08:40:15,1079858415,24.59,48.72,216.46,2.702,1331,1055,430,2,2
804,4,2004-03-24T05:33:16,1080106396,23.0,53.95,170.58,2.544,1355,932,257,2,1
805,22,2004-03-17T12:33:16,1079526796,19.41,35.67,114.73,2.666,981,673,343,1,2
806,51,2004-02-29T10:00:02,1078048802,22.14,53.84,77.81,2.743,1289,522,251,2,2
807,39,2004-03-12T12:03:08,1079092988,18.01,51.01,39.26,2.701,1145,835,115,2,2
808,36,2004-03-04T01:51:01,1078365061,19.41,42.73,159.58,2.687,1109,551,441,1,2
809,34,2004-03-27T21:21:21,1080422481,17.03,50.12,520.59,2.814,1353,659,470,2,3
810,27,2004-03-29T23:46:58,1080604018,23.29,49.86,78.08,2.732,1253,1042,506,2,2
811,7,2004-03-05T15:21:35,1078500095,21.15,55.52,704.86,2.606,1608,702,343,4,1
812,3,2004-03-04T08:45:56,1078389956,21.53,56.09,39.28,2.574,1292,972,491,2,1
813,47,2004-03-05T15:47:58,1078501678,24.42,32.5,3.87,2.776,978,633,315,1,2
814,33,2004-03-10T11:52:56,1078919576,19.01,36.21,180.49,2.628,1013,942,492,1,1
815,2,2004-03-12T15:14:09,1079104449,23.4,62.72,209.58,2.722,1514,697,386,4,2
816,42,2004-04-03T15:36:41,1081006601,27.95,55.59,475.72,2.764,1631,943,252,4,2
817,16,2004-03-04T12:46:47,1078404407,19.05,52.66,242.3,2.722,1292,726,399,2,2
818,25,2004-04-02T01:08:45,1080868125,17.31,54.53,364.46,2.826,1346,775,118,2,3
819,15,2004-03-13T18:05:32,1079201132,18.23,58.66,376.39,2.687,1433,553,267,4,2
820,24,2004-03-05T01:55:03,1078451703,23.17,46.6,81.57,2.724,1203,432,481,2,2
821,15,2004-03-23T04:46:24,1080017184,27.24,40.45,662.37,2.666,1483,1076,522,4,2
822,31,2004-03-11T20:26:29,1079036789,27.12,51.73,628.29,2.678,1632,942,187,4,2
823,14,2004-02-28T07:41:52,1077954112,24.53,44.68,601.91,2.764,1462,702,310,4,2
824,54,2004-02-29T07:20:16,1078039216,24.64,63.59,436.34,2.774,1665,1069,194,4,2
825,14,2004-04-05T21:35:06,1081200906,23.39,63.41,95.63,2.576,1467,642,509,4,1
826,6,2004-03-17T22:12:36,1079561556,24.18,55.69,201.29,2.638,1420,671,213,4,1
827,14,2004-03-26T13:58:49,1080309529,22.91,29.68,627.11,2.717,1217,595,411,2,2
828,17,2004-02-29T13:33:50,1078061630,19.6,31.86,484.35,2.747,1112,819,342,1,2
829,18,2004-03-19T10:43:36,1079693016,27.14,29.22,19.28,2.602,991,800,280,1,1
830,20,2004-03-08T08:05:41,1078733141,26.01,47.24,337.73,2.656,1398,751,384,2,2
831,51,2004-03-02T02:45:14,1078195514,19.67,56.08,131.72,2.743,1300,929,550,2,2
832,17,2004-03-15T00:13:14,1079309594,23.95,41.31,79.88,2.758,1138,726,448,2,2
833,16,2004-04-03T21:29:20,1081027760,26.38,37.24,687.84,2.732,1430,534,223,4,2
834,40,2004-03-20T18:39:08,1079807948,23.26,46.25,450.65,2.687,1384,410,336,2,2
835,39,2004-02-29T18:04:16,1078077856,21.38,35.59,488.45,2.62,1206,697,479,2,1
836,52,2004-04-02T06:04:24,1080885864,26.29,48.19,31.76,2.67,1265,817,473,2,2
837,32,2004-04-05T15:08:18,1081177698,22.77,42.08,33.5,2.781,1103,858,495,1,2
838,44,2004-03-02T03:14:06,1078197246,20.12,37.12,320.25,2.773,1119,993,228,2,2
839,9,2004-02-28T00:06:44,1077926804,18.55,46.38,329.86,2.631,1232,389,500,2,1
840,27,2004-04-03T08:46:39,1080981999,13.21,55.65,754.98,2.827,1476,301,471,4,3
841,46,2004-03-07T03:21:26,1078629686,27.92,26.77,311.32,2.639,1116,653,289,2,1
842,52,2004-03-22T02:14:29,1079921669,19.49,47.02,697.68,2.712,1444,1097,363,4,2
843,33,2004-03-14T07:38:03,1079249883,24.89,19.81,395.2,2.616,993,789,185,1,1
844,10,2004-03-18T22:25:20,1079648720,19.24,41.94,131.26,2.835,1080,467,371,1,3
845,17,2004-03-07T06:44:20,1078641860,22.5,53.34,33.23,2.768,1267,970,196,2,2
846,49,2004-04-02T12:15:26,1080908126,23.35,57.27,441.17,2.715,1547,888,551,4,2
847,49,2004-03-25T23:55:17,1080258917,18.28,38.7,89.69,2.666,991,721,423,1,2
848,36,2004-03-02T23:13:06,1078269186,24.87,38.58,165.95,2.874,1159,710,443,2,3
849,17,2004-04-04T23:52:20,1081122740,21.41,42.24,47.52,2.742,1085,229,164,1,2
850,18,2004-03-08T09:00:06,1078736406,23.66,31.77,201.13,2.863,1050,397,382,1,3
851,52,2004-03-20T12:15:32,1079784932,26.36,46.95,378.09,2.712,1421,295,124,4,2
852,23,2004-03-25T14:09:56,1080223796,24.22,32.97,78.61,2.714,1018,1058,309,1,2
853,34,2004-03-20T08:45:24,1079772324,21.72,51.68,13.78,2.767,1216,735,138,2,2
854,8,2004-03-11T04:36:25,1078979785,27.83,36.4,220.07,2.715,1213,700,428,2,2
855,13,2004-02-29T21:21:13,1078089673,21.87,41.16,340.29,2.721,1225,1086,402,2,2
856,23,2004-03-12T19:25:04,1079119504,22.28,50.99,197.11,2.731,1309,1063,415,2,2
857,54,2004-03-16T08:09:49,1079424589,21.51,52.63,767.87,2.77,1604,985,262,4,2
858,20,2004-03-11T14:02:21,1079013741,18.32,52.08,230.2,2.638,1263,922,382,2,1
859,22,2004-03-22T03:48:16,1079927296,17.99,48.16,355.01,2.703,1260,749,497,2,2
860,47,2004-03-14T19:04:12,1079291052,20.34,31.96,465.0,2.66,1119,846,504,2,2
861,52,2004-04-03T02:09:16,1080958156,18.96,44.62,318.96,2.752,1208,925,499,2,2
862,23,2004-03-08T18:18:43,1078769923,21.17,42.91,90.17,2.702,1112,1079,232,1,2
863,41,2004-03-05T07:43:57,1078472637,24.48,39.95,47.87,2.656,1113,218,544,1,2
864,35,2004-03-13T11:08:48,1079176128,20.77,45.89,131.37,2.816,1169,808,259,2,3
865,3,2004-03-07T02:41:43,1078627303,22.66,34.66,195.91,2.795,1071,1106,438,1,2
866,34,2004-02-29T01:36:33,1078018593,20.48,44.58,281.96,2.795,1219,520,389,2,2
867,33,2004-04-04T19:51:55,1081108315,29.64,41.4,572.09,2.805,1500,954,137,4,3
868,46,2004-03-04T20:32:30,1078432350,26.52,39.51,415.39,2.747,1331,353,177,2,2
869,17,2004-03-12T17:41:27,1079113287,21.26,31.6,411.36,2.754,1105,505,184,1,2
870,45,2004-04-02T19:33:58,1080934438,22.82,31.28,107.69,2.686,979,538,259,1,2
871,19,2004-04-01T13:01:13,1080824473,17.98,61.11,347.93,2.808,1450,791,150,4,3
872,30,2004-03-04T21:09:13,1078434553,21.36,46.38,358.84,2.714,1302,1124,475,2,2
873,23,2004-03-30T01:21:57,1080609717,20.2,66.75,702.67,2.655,1757,1092,405,4,2
874,15,2004-03-14T17:57:22,1079287042,24.23,67.34,301.15,2.735,1645,687,268,4,2
875,14,2004-03-30T10:18:34,1080641914,19.21,59.76,721.61,2.672,1641,1042,476,4,2
876,2,2004-03-06T22:56:49,1078613809,26.97,29.62,237.41,2.775,1102,531,107,1,2
877,39,2004-03-29T18:29:31,1080584971,21.8,61.93,334.4,2.762,1532,375,184,4,2
878,49,2004-03-06T09:47:33,1078566453,19.39,43.48,549.47,2.77,1315,868,118,2,2
879,18,2004-03-08T22:59:55,1078786795,22.1,41.67,275.12,2.587,1205,237,538,2,1
880,6,2004-03-18T10:35:48,1079606148,24.21,39.95,254.32,2.561,1211,802,223,2,1
881,32,2004-03-24T17:31:09,1080149469,23.56,40.79,97.85,2.717,1132,246,433,2,2
882,21,2004-04-01T15:44:29,1080834269,22.47,49.79,999.38,2.717,1696,280,299,4,2
883,40,2004-03-07T01:56:08,1078624568,24.63,72.6,229.99,2.807,1697,545,181,4,3
884,28,2004-03-04T13:48:00,1078408080,24.45,25.33,408.41,2.652,1073,266,498,1,2
885,27,2004-03-10T05:49:35,1078897775,24.46,68.32,119.59,2.624,1574,730,428,4,1
886,2,2004-03-26T12:41:34,1080304894,21.17,63.11,302.04,2.642,1521,891,201,4,1
887,33,2004-03-21T23:37:18,1079912238,21.15,42.87,599.06,2.615,1366,501,501,2,1
888,16,2004-03-29T12:24:54,1080563094,21.38,39.03,360.52,2.662,1193,746,513,2,2
889,39,2004-03-11T15:33:34,1079019214,20.52,28.84,262.68,2.607,974,915,198,1,1
890,22,2004-03-23T06:53:24,1080024804,22.32,34.1,260.27,2.708,1088,998,476,1,2
891,43,2004-03-08T13:29:56,1078752596,21.98,37.71,297.0,2.703,1154,960,296,2,2
892,47,2004-04-02T06:34:53,1080887693,26.97,43.76,835.04,2.646,1613,665,443,4,1
893,13,2004-03-16T18:07:06,1079460426,20.49,44.65,121.32,2.622,1140,274,292,2,1
894,2,2004-03-02T15:43:46,1078242226,19.04,54.13,58.7,2.611,1222,520,314,2,1
895,14,2004-03-30T06:45:57,1080629157,23.94,52.82,147.64,2.51,1345,249,469,2,1
896,38,2004-03-02T18:55:59,1078253759,22.21,47.86,910.32,2.645,1617,958,543,4,1
897,41,2004-02-28T01:55:49,1077933349,19.94,44.48,247.58,2.663,1190,229,235,2,2
898,28,2004-04-01T02:32:17,1080786737,24.35,58.72,373.62,2.539,1555,466,252,4,1
899,7,2004-03-02T16:12:17,1078243937,21.16,55.07,488.37,2.812,1494,1037,526,4,3
900,18,2004-03-30T22:30:53,1080685853,26.57,50.34,233.75,2.774,1403,616,161,2,2
901,41,2004-03-05T08:50:22,1078476622,19.15,40.13,148.16,2.686,1059,604,408,1,2
902,36,2004-03-08T00:52:02,1078707122,20.26,58.27,227.78,2.536,1393,399,338,2,1
903,41,2004-03-28T18:53:39,1080500019,22.38,55.02,103.44,2.79,1325,317,226,2,2
904,36,2004-03-27T09:35:52,1080380152,26.07,42.05,187.89,2.664,1246,696,352,2,2
905,44,2004-03-14T18:55:33,1079290533,19.86,21.99,118.23,2.574,786,338,306,1,1
906,4,2004-04-03T13:10:56,1080997856,23.13,46.14,652.69,2.6,1481,860,182,4,1
907,30,2004-03-21T08:44:07,1079858647,18.51,36.69,237.15,2.658,1039,706,251,1,2
908,24,2004-03-14T15:50:38,1079279438,24.75,53.61,338.97,2.624,1469,855,166,4,1
909,20,2004-03-01T21:41:15,1078177275,20.04,47.59,152.32,2.648,1191,361,213,2,1
910,46,2004-03-04T08:43:09,1078389789,23.86,24.93,284.26,2.542,993,519,328,1,1
911,31,2004-02-28T19:33:10,1077996790,24.01,48.54,118.52,2.814,1268,341,469,2,3
912,24,2004-03-07T04:34:49,1078634089,16.55,65.58,270.14,2.777,1450,1144,252,4,2
913,7,2004-03-01T22:24:50,1078179890,22.63,43.17,575.04,2.639,1388,969,193,2,1
914,26,2004-03-17T16:52:32,1079542352,20.48,44.9,341.72,2.769,1254,768,548,2,2
915,13,2004-03-14T00:08:36,1079222916,23.5,40.88,94.39,2.662,1130,504,408,2,2
916,54,2004-03-27T12:01:32,1080388892,19.38,45.86,251.25,2.702,1201,319,536,2,2
917,8,2004-03-28T06:49:39,1080456579,20.26,63.48,422.63,2.604,1569,567,475,4,1
918,5,2004-03-17T00:23:37,1079483017,25.6,57.67,17.92,2.742,1386,837,204,2,2
919,44,2004-03-13T15:24:00,1079191440,25.36,38.09,123.95,2.765,1141,344,377,2,2
920,13,2004-03-17T01:08:32,1079485712,19.02,44.13,173.17,2.718,1129,353,167,2,2
921,29,2004-03-20T11:16:11,1079781371,27.39,44.91,665.09,2.658,1554,734,501,4,2
922,20,2004-03-06T12:36:39,1078576599,14.25,49.94,95.47,2.541,1082,667,393,1,1
923,14,2004-03-25T20:42:09,1080247329,22.64,50.16,68.95,2.769,1240,470,271,2,2
924,32,2004-04-02T05:24:21,1080883461,18.15,43.85,157.23,2.684,1099,303,295,1,2
925,50,2004-03-20T09:43:16,1079775796,23.11,30.06,25.99,2.638,926,737,354,1,1
926,27,2004-04-04T11:21:37,1081077697,21.22,43.62,160.83,2.65,1159,437,308,2,2
927,25,2004-03-30T03:34:36,1080617676,18.95,40.65,155.7,2.722,1067,241,350,1,2
928,52,2004-03-06T06:41:01,1078555261,19.79,34.23,625.84,2.602,1222,896,432,2,1
929,4,2004-03-28T05:55:54,1080453354,19.64,54.46,130.72,2.734,1275,770,326,2,2
930,21,2004-03-26T06:14:02,1080281642,22.23,45.23,729.43,2.68,1488,760,507,4,2
931,18,2004-04-04T22:18:50,1081117130,24.92,32.61,242.73,2.643,1109,704,342,1,1
932,39,2004-04-01T04:58:26,1080795506,27.88,68.76,126.59,2.636,1652,496,539,4,1
933,15,2004-03-06T15:46:54,1078588014,21.49,50.0,29.47,2.728,1194,1038,361,2,2
934,53,2004-03-06T20:46:14,1078605974,22.9,54.5,77.14,2.502,1314,561,528,2,1
935,38,2004-03-04T18:34:30,1078425270,25.56,57.58,232.07,2.649,1491,323,166,4,1
936,48,2004-03-25T14:53:18,1080226398,20.65,39.77,335.48,2.752,1177,881,172,2,2
937,52,2004-03-06T17:16:37,1078593397,19.65,51.52,721.63,2.692,1527,571,208,4,2
938,24,2004-03-18T23:32:31,1079652751,27.85,21.84,22.47,2.797,896,313,121,1,2
939,8,2004-03-11T09:57:27,1078999047,21.46,56.55,589.02,2.711,1572,447,563,4,2
940,28,2004-03-17T21:05:07,1079557507,22.65,44.18,577.46,2.647,1405,964,391,2,1
941,21,2004-03-10T21:40:55,1078954855,17.19,51.32,78.62,2.681,1153,697,511,2,2
942,16,2004-03-09T13:24:19,1078838659,20.43,44.16,19.15,2.712,1081,283,153,1,2
943,54,2004-03-25T06:24:24,1080195864,27.66,66.81,230.59,2.635,1671,318,301,4,1
944,16,2004-03-14T02:43:14,1079232194,23.39,59.69,209.81,2.749,1468,675,501,4,2
945,35,2004-03-13T14:57:35,1079189855,21.91,13.67,113.75,2.845,700,374,116,1,3
946,17,2004-03-15T08:18:10,1079338690,26.18,51.63,521.49,2.607,1559,449,191,4,1
947,9,2004-03-28T05:03:22,1080450202,17.06,41.62,305.9,2.75,1118,641,482,2,2
948,35,2004-03-27T02:43:40,1080355420,20.76,52.11,394.59,2.638,1394,656,184,2,1
949,52,2004-03-21T13:46:07,1079876767,28.82,51.94,180.7,2.645,1446,519,234,4,1
950,29,2004-03-21T02:45:05,1079837105,21.85,36.08,291.99,2.67,1124,890,421,2,2
951,39,2004-03-17T12:53:16,1079527996,21.83,43.61,130.86,2.652,1156,778,265,2,2
952,18,2004-03-09T18:00:18,1078855218,25.54,32.77,467.2,2.751,1236,784,256,2,2
953,12,2004-03-23T22:24:20,1080080660,25.75,62.83,30.67,2.704,1473,314,488,4,2
954,19,2004-03-16T16:48:17,1079455697,18.1,48.93,511.22,2.685,1351,275,479,2,2
955,48,2004-03-12T10:09:31,1079086171,23.28,50.19,33.61,2.728,1235,988,255,2,2
956,22,2004-03-11T13:27:24,1079011644,27.27,48.65,100.94,2.733,1326,658,227,2,2
957,49,2004-03-26T13:45:57,1080308757,20.07,32.28,784.47,2.698,1278,1043,376,2,2
958,52,2004-03-24T18:48:32,1080154112,20.88,52.59,195.4,2.78,1304,300,380,2,2
959,15,2004-03-11T02:52:52,1078973572,22.09,66.42,228.15,2.708,1552,557,314,4,2
960,1,2004-03-24T23:38:51,1080171531,24.08,26.33,304.42,2.869,1029,1026,155,1,3
961,2,2004-03-12T20:53:45,1079124825,17.72,45.96,15.12,2.627,1051,783,454,1,1
962,8,2004-03-31T22:29:01,1080772141,12.66,54.12,340.69,2.58,1235,780,170,2,1
963,22,2004-02-28T14:22:25,1077978145,22.65,36.02,420.93,2.715,1204,260,344,2,2
964,25,2004-03-23T05:42:37,1080020557,25.5,53.79,283.81,2.773,1459,736,201,4,2
965,2,2004-02-29T01:31:05,1078018265,21.06,45.54,258.56,2.673,1234,427,349,2,2
966,51,2004-03-13T14:24:26,1079187866,20.17,36.45,356.95,2.634,1129,624,344,2,1
967,9,2004-03-11T09:50:00,1078998600,21.5,14.89,25.74,2.7,666,846,490,1,2
968,9,2004-03-23T13:01:13,1080046873,26.79,43.81,10.7,2.68,1198,1071,220,2,2
969,13,2004-03-27T22:40:56,1080427256,20.01,44.12,338.78,2.685,1231,908,115,2,2
970,6,2004-04-01T15:15:58,1080832558,23.71,60.77,89.33,2.638,1430,523,337,4,1
971,30,2004-03-13T03:41:09,1079149269,18.54,49.07,184.88,2.659,1199,477,351,2,2
972,15,2004-04-03T00:18:54,1080951534,18.68,38.64,557.12,2.777,1232,252,186,2,2
973,51,2004-03-25T10:24:29,1080210269,24.54,26.14,401.32,2.802,1084,310,267,1,3
974,53,2004-04-04T04:09:14,1081051754,26.9,55.49,597.59,2.687,1669,1119,581,4,2
975,15,2004-03-15T13:05:51,1079355951,24.67,46.41,383.63,2.613,1381,1007,537,2,1
976,50,2004-03-25T09:37:00,1080207420,15.84,40.27,429.72,2.62,1136,989,349,2,1
977,7,2004-03-30T21:49:04,1080683344,20.74,38.51,477.64,2.599,1231,280,347,2,1
978,11,2004-03-24T09:00:09,1080118809,22.72,59.92,144.6,2.772,1425,757,203,4,2
979,40,2004-03-05T19:29:39,1078514979,22.18,61.7,67.16,2.714,1403,695,143,2,2
980,38,2004-03-25T16:55:28,1080233728,16.24,37.48,356.23,2.684,1065,608,492,1,2
981,40,2004-03-25T11:27:03,1080214023,18.11,17.42,519.9,2.771,883,784,168,1,2
982,2,2004-03-09T13:53:52,1078840432,19.59,42.44,125.15,2.733,1091,222,484,1,2
983,51,2004-03-28T17:54:42,1080496482,21.8,47.71,415.55,2.505,1359,1131,552,2,1
984,48,2004-03-17T03:23:58,1079493838,16.2,45.87,286.46,2.642,1155,575,300,2,1
985,39,2004-03-21T18:13:02,1079892782,23.8,26.11,166.82,2.697,951,982,238,1,2
986,10,2004-03-16T15:25:50,1079450750,21.72,63.4,120.92,2.842,1446,454,161,4,3
987,44,2004-03-09T14:52:39,1078843959,18.87,22.67,281.88,2.832,858,674,330,1,3
988,17,2004-03-06T08:33:25,1078562005,22.58,36.01,7.17,2.524,995,577,350,1,1
989,7,2004-03-03T12:13:13,1078315993,17.68,32.74,1107.85,2.598,1399,958,224,2,1
990,54,2004-03-08T10:25:31,1078741531,21.84,32.1,198.53,2.712,1018,786,177,1,2
991,40,2004-04-05T06:16:54,1081145814,16.6,18.81,564.07,2.75,896,254,457,1,2
992,39,2004-02-28T18:47:41,1077994061,17.04,45.73,287.47,2.647,1170,793,345,2,1
993,4,2004-03-29T20:28:07,1080592087,20.64,61.97,226.75,2.741,1456,636,500,4,2
994,35,2004-03-18T21:58:04,1079647084,19.85,43.02,360.13,2.647,1222,998,528,2,1
995,51,2004-03-26T08:38:37,1080290317,23.15,32.91,656.88,2.653,1285,266,242,2,2
996,47,2004-03-12T19:51:22,1079121082,21.94,61.92,350.04,2.611,1543,317,149,4,1
997,36,2004-03-23T01:13:27,1080004407,28.3,55.07,66.44,2.591,1425,364,377,4,1
998,31,2004-03-14T03:11:46,1079233906,21.2,34.87,463.57,2.66,1179,962,151,2,2
999,25,2004-03-21T19:33:26,1079897606,12.1,48.87,344.97,2.79,1148,1038,471,2,2
